hotel,city,postcode,housenumber,street,state,address1,address2
"The Beekman, A Thompson Hotel",New York,10038,123,Nassau Street,New York,"The Beekman, A Thompson Hotel","123 Nassau Street, New York, NY 10038, United States of America"
Aloft Manhattan Downtown,New York,10038,49,Ann Street,New York,Aloft Manhattan Downtown,"49 Ann Street, New York, NY 10038, United States of America"
Duane Street Hotel,New York,10013,182,Duane Street,New York,Duane Street Hotel,"182 Duane Street, New York, NY 10013, United States of America"
Millenium Hilton,New York,10013,55,Church Street,New York,Millenium Hilton,"55 Church Street, New York, NY 10013, United States of America"
The Frederick Hotel,New York,10007,N/A,Chambers Street,New York,The Frederick Hotel,"Chambers Street, New York, NY 10007, United States of America"
Holiday Inn,New York,10038,51,Nassau Street,New York,Holiday Inn,"51 Nassau Street, New York, NY 10038, United States of America"
Hampton Inn Manhattan-Seaport-Financial District,New York,10038,320,Pearl Street,New York,Hampton Inn Manhattan-Seaport-Financial District,"320 Pearl Street, New York, NY 10038, United States of America"
Four Points by Sheraton,New York,10038,6,Platt Street,New York,Four Points by Sheraton,"6 Platt Street, New York, NY 10038, United States of America"
Four Points by Sheraton,New York,10038,6,Platt Street,New York,Four Points by Sheraton,"6 Platt Street, New York, NY 10038, United States of America"
Courtyard New York Downtown Financial District,New York,10038,215,Pearl Street,New York,Courtyard New York Downtown Financial District,"215 Pearl Street, New York, NY 10038, United States of America"
Mulberry Hotel,New York,10013,52,Mulberry Street,New York,Mulberry Hotel,"52 Mulberry Street, New York, NY 10013, United States of America"
33 Seaport Hotel,New York,10038,33,Peck Slip,New York,33 Seaport Hotel,"33 Peck Slip, New York, NY 10038, United States of America"
N/A,New York,10006,133,Greenwich Street,New York,133 Greenwich Street,"New York, NY 10006, United States of America"
Walker Hotel Tribeca,New York,10013,77,Walker Street,New York,Walker Hotel Tribeca,"77 Walker Street, New York, NY 10013, United States of America"
Roxy Hotel,New York,10013,2,6th Avenue,New York,Roxy Hotel,"2 6th Avenue, New York, NY 10013, United States of America"
Radisson Hotel New York Wall Street,New York,10005,52,William Street,New York,Radisson Hotel New York Wall Street,"52 William Street, New York, NY 10005, United States of America"
Q&A Residential Hotel,New York,10005,70,Pine Street,New York,Q&A Residential Hotel,"70 Pine Street, New York, NY 10005, United States of America"
78-80 Mulberry Street,New York,10012,N/A,Mulberry Street,New York,78-80 Mulberry Street,"Mulberry Street, New York, NY 10012, United States of America"
"Club Quarters, World Trade Center",New York,10006,140,Washington Street,New York,"Club Quarters, World Trade Center","140 Washington Street, New York, NY 10006, United States of America"
Club Quarters World Trade,New York,10006,120,Cedar Street,New York,"Club Quarters Hotel,  World Trade Center","120 Cedar Street, New York, NY 10006, United States of America"
W Downtown,New York,10006,8,Albany Street,New York,W Downtown,"8 Albany Street, New York, NY 10006, United States of America"
N/A,New York,10005,60,Wall Street,New York,60 Wall Street,"New York, NY 10005, United States of America"
Fairfield Inn,New York,10038,161,Front Street,New York,Fairfield Inn,"161 Front Street, New York, NY 10038, United States of America"
Marriott Downtown,New York,10006,85,West Street,New York,Marriott Downtown,"85 West Street, New York, NY 10006, United States of America"
Soho Garden Hotel,New York,10013,276,Canal Street,New York,Soho Garden Hotel,"276 Canal Street, New York, NY 10013, United States of America"
AC Hotel NYC Downtown,New York,10038,151,Maiden Lane,New York,AC Hotel NYC Downtown,"151 Maiden Lane, New York, NY 10038, United States of America"
Holiday Inn Express,New York,10005,126,Water Street,New York,Holiday Inn Express,"126 Water Street, New York, NY 10005, United States of America"
Hotel Indigo,New York,10005,120,Water Street,New York,Hotel Indigo,"120 Water Street, New York, NY 10005, United States of America"
City Rooms NYC Soho,New York,10013,120,Lafayette Street,New York,City Rooms NYC Soho,"120 Lafayette Street, New York, NY 10013, United States of America"
Fairfield Inn & Suites by Marriott New York Downtown Manhattan/World Trade Center Area,New York,10006,100,Greenwich Street,New York,Fairfield Inn & Suites by Marriott New York Downtown Manhattan/World Trade Center Area,"100 Greenwich Street, New York, NY 10006, United States of America"
N/A,New York,10006,50,Trinity Place,New York,50 Trinity Place,"New York, NY 10006, United States of America"
The Wall Street Hotel,New York,10005,88,Wall Street,New York,The Wall Street Hotel,"88 Wall Street, New York, NY 10005, United States of America"
Hotel 50 Bowery,New York,10013,50,Bowery,New York,Hotel 50 Bowery,"50 Bowery, New York, NY 10013, United States of America"
Holiday Inn Manhattan,New York,10006,99,Washington Street,New York,Holiday Inn Manhattan,"99 Washington Street, New York, NY 10006, United States of America"
Eurostars Wall Street Hotel,New York,10005,129,Front Street,New York,Eurostars Wall Street Hotel,"129 Front Street, New York, NY 10005, United States of America"
Conrad New York Downtown,New York,10282,102,North End Avenue,New York,Conrad New York Downtown,"102 North End Avenue, New York, NY 10282, United States of America"
Hyatt Centric,New York,10005,75,Wall Street,New York,Hyatt Centric,"75 Wall Street, New York, NY 10005, United States of America"
Hilton Garden Inn Tribeca,New York,10013,39,6th Avenue,New York,Hilton Garden Inn Tribeca,"39 6th Avenue, New York, NY 10013, United States of America"
WeLive,New York,10005,110,Wall Street,New York,WeLive,"110 Wall Street, New York, NY 10005, United States of America"
Sheraton,New York,10013,N/A,Canal Street,New York,Sheraton,"Canal Street, New York, NY 10013, United States of America"
NoMo SoHo,New York,10013,9,Crosby Street,New York,NoMo SoHo,"9 Crosby Street, New York, NY 10013, United States of America"
Wall Street Inn,New York,10004,9,South William Street,New York,Wall Street Inn,"9 South William Street, New York, NY 10004, United States of America"
the Humphrey loft,New York,10002,456,Water Street,New York,the Humphrey loft,"456 Water Street, New York, NY 10002, United States of America"
Leon Hotel,New York,10002,125,Canal Street,New York,Leon Hotel,"125 Canal Street, New York, NY 10002, United States of America"
The SoLita SoHo Hotel,New York,10013,159,Grand Street,New York,The SoLita SoHo Hotel,"159 Grand Street, New York, NY 10013, United States of America"
Manhattan Bowery Lodge,New York,10002,81,Bowery,New York,Manhattan Bowery Lodge,"81 Bowery, New York, NY 10002, United States of America"
Hotel MB,New York,10002,N/A,Chrystie Street,New York,Hotel MB,"Chrystie Street, New York, NY 10002, United States of America"
Wyndham Garden Chinatown,New York,10002,93,Bowery,New York,Wyndham Garden Chinatown,"93 Bowery, New York, NY 10002, United States of America"
Soho Grand Hotel,New York,10013,310,West Broadway,New York,SoHo Grand Hotel,"310 West Broadway, New York, NY 10013, United States of America"
Liberty View Suites,New York,10280,99,Battery Place,New York,Liberty View Suites,"99 Battery Place, New York, NY 10280, United States of America"
Canal Loft Hotel,New York,10002,94,Canal Street,New York,Canal Loft Hotel,"94 Canal Street, New York, NY 10002, United States of America"
Hotel91,New York,10002,91,East Broadway,New York,Hotel91,"91 East Broadway, New York, NY 10002, United States of America"
NobleDen,New York,10013,196,Grand Street,New York,NobleDen,"196 Grand Street, New York, NY 10013, United States of America"
World Hotel,New York,10012,101,Bowery,New York,World Hotel,"101 Bowery, New York, NY 10012, United States of America"
U.S. Pacific Hotel,New York,10013,106,Bowery,New York,U.S. Pacific Hotel,"106 Bowery, New York, NY 10013, United States of America"
Fairfield Inn & Suites Manhattan Downtown East,New York,10002,95,Henry Street,New York,Fairfield Inn & Suites Manhattan Downtown East,"95 Henry Street, New York, NY 10002, United States of America"
Hotel Richland,New York,10002,5,Allen Street,New York,Hotel Richland,"5 Allen Street, New York, NY 10002, United States of America"
The James New York - SoHo,New York,10013,27,Grand Street,New York,The James New York - SoHo,"27 Grand Street, New York, NY 10013, United States of America"
DoubleTree by Hilton New York Downtown,New York,10004,8,Stone Street,New York,DoubleTree by Hilton New York Downtown,"8 Stone Street, New York, NY 10004, United States of America"
Madison Les Hotel,New York,10002,154,Madison Street,New York,Madison Les Hotel,"154 Madison Street, New York, NY 10002, United States of America"
Hampton,New York,10004,32,Pearl Street,New York,Hampton,"32 Pearl Street, New York, NY 10004, United States of America"
Sohotel,New York,10013,341,Broome Street,New York,Sohotel,"341 Broome Street, New York, NY 10013, United States of America"
Hampton Inn Manhattan-SoHo,New York,10005,N/A,Watts Street,New York,Hampton Inn Manhattan-SoHo,"Watts Street, New York, NY 10005, United States of America"
49 Crosby,New York,10012,49,Crosby Street,New York,49 Crosby Street,"New York, NY 10012, United States of America"
Sixty SoHo,New York,10012,60,Thompson Street,New York,Sixty SoHo,"60 Thompson Street, New York, NY 10012, United States of America"
Nolitan hotel,New York,10012,30,Kenmare Street,New York,Nolitan hotel,"30 Kenmare Street, New York, NY 10012, United States of America"
Wagner Hotel,New York,10004,10,Little West Street,New York,Wagner Hotel,"10 Little West Street, New York, NY 10004, United States of America"
Arlo Soho,New York,10013,231,Hudson Street,New York,Arlo Soho,"231 Hudson Street, New York, NY 10013, United States of America"
citizenM New York Bowery,New York,10002,189,Bowery,New York,citizenM New York Bowery,"189 Bowery, New York, NY 10002, United States of America"
The Dominick,New York,10005,N/A,Varick Street,New York,The Dominick,"Varick Street, New York, NY 10005, United States of America"
The Allen Hotel,New York,10002,88,Allen Street,New York,The Allen Hotel,"88 Allen Street, New York, NY 10002, United States of America"
1 Hotel Brooklyn Bridge,New York,11201,N/A,Furman Street,New York,1 Hotel Brooklyn Bridge,"Furman Street, New York, NY 11201, United States of America"
The Bowery House,New York,10012,220,Bowery,New York,The Bowery House,"220 Bowery, New York, NY 10012, United States of America"
Mercer Hotel,New York,10012,147,Mercer Street,New York,Mercer Hotel,"147 Mercer Street, New York, NY 10012, United States of America"
N/A,New York,10013,525,Greenwich Street,New York,525 Greenwich Street,"New York, NY 10013, United States of America"
N/A,New York,10002,241,Bowery,New York,241 Bowery,"New York, NY 10002, United States of America"
Sago Hotel,New York,10002,120,Allen Street,New York,Sago Hotel,"120 Allen Street, New York, NY 10002, United States of America"
Four Points by Sheraton,New York,10014,66,Charlton Street,New York,Four Points by Sheraton,"66 Charlton Street, New York, NY 10014, United States of America"
"PUBLIC, an Ian Schrager hotel",New York,10002,215,Chrystie Street,New York,"PUBLIC, an Ian Schrager hotel","215 Chrystie Street, New York, NY 10002, United States of America"
Courtyard,New York,10014,181,Varick Street,New York,Courtyard,"181 Varick Street, New York, NY 10014, United States of America"
Orchard Street Hotel,New York,10002,163,Orchard Street,New York,Orchard Street Hotel,"163 Orchard Street, New York, NY 10002, United States of America"
The Redford Hotel,New York,10002,136,Ludlow Street,New York,The Redford Hotel,"136 Ludlow Street, New York, NY 10002, United States of America"
Holiday Inn,New York,10002,150,Delancey Street,New York,Holiday Inn,"150 Delancey Street, New York, NY 10002, United States of America"
The GEM Hotel Soho,New York,10002,135,East Houston Street,New York,The GEM Hotel Soho,"135 East Houston Street, New York, NY 10002, United States of America"
The Ludlow Hotel,New York,10002,N/A,Ludlow Street,New York,The Ludlow Hotel,"Ludlow Street, New York, NY 10002, United States of America"
The Bowery Hotel,New York,10003,335,Bowery,New York,The Bowery Hotel,"335 Bowery, New York, NY 10003, United States of America"
"The Standard, East Village",New York,10003,25,Cooper Square,New York,"The Standard, East Village","25 Cooper Square, New York, NY 10003, United States of America"
Hyatt Regency Jersey City on the Hudson,Jersey City,07032,2,Exchange Place,New Jersey,Hyatt Regency Jersey City on the Hudson,"2 Exchange Place, Jersey City, NJ 07032, United States of America"
Washington Square Hotel,New York,10011,103,Waverly Place,New York,Washington Square Hotel,"103 Waverly Place, New York, NY 10011, United States of America"
St. Mark's Hotel,New York,10003,2,Saint Mark's Place,New York,St. Mark's Hotel,"2 Saint Mark's Place, New York, NY 10003, United States of America"
Hyatt House New Jersey,Jersey City,07302,1,Exchange Place,New Jersey,Hyatt House New Jersey,"1 Exchange Place, Jersey City, NJ 07302, United States of America"
East Village Hotel,New York,10003,147,1st Avenue,New York,East Village Hotel,"147 1st Avenue, New York, NY 10003, United States of America"
Sonesta Simply Suites Jersey City,Jersey City,07302,21,2nd Street,New Jersey,Sonesta Simply Suites Jersey City,"21 2nd Street, Jersey City, NJ 07302, United States of America"
The Tillary Hotel,New York,11201,85,Flatbush Avenue Extension,New York,The Tillary Hotel,"85 Flatbush Avenue Extension, New York, NY 11201, United States of America"
New York Marriott at the Brooklyn Bridge,New York,11201,N/A,Pearl Street,New York,New York Marriott at the Brooklyn Bridge,"Pearl Street, New York, NY 11201, United States of America"
Hyatt Union Square New York,New York,10003,134,4th Avenue,New York,Hyatt Union Square New York,"134 4th Avenue, New York, NY 10003, United States of America"
Hampton,New York,11201,N/A,Flatbush Avenue Extension,New York,Hampton,"Flatbush Avenue Extension, New York, NY 11201, United States of America"
Walker Hotel,New York,10011,52,West 13th Street,New York,Walker Hotel,"52 West 13th Street, New York, NY 10011, United States of America"
Union Square Inn,New York,10003,209,East 14th Street,New York,Union Square Inn,"209 East 14th Street, New York, NY 10003, United States of America"
The Jane,New York,10014,113,Jane Street,New York,The Jane,"113 Jane Street, New York, NY 10014, United States of America"
DoubleTree,Jersey City,07311,N/A,Washington Boulevard,New Jersey,DoubleTree,"Washington Boulevard, Jersey City, NJ 07311, United States of America"
Courtyard Jersey City Newport,Jersey City,07310,540,Washington Boulevard,New Jersey,Courtyard Jersey City Newport,"540 Washington Boulevard, Jersey City, NJ 07310, United States of America"
The Westin Jersey City Newport,Jersey City,07310,479,Washington Boulevard,New Jersey,The Westin Jersey City Newport,"479 Washington Boulevard, Jersey City, NJ 07310, United States of America"
Aloft - W Hotel,New York,11201,216,Duffield Street,New York,Aloft - W Hotel,"216 Duffield Street, New York, NY 11201, United States of America"
Sheraton Brooklyn,New York,11201,228,Duffield Street,New York,Sheraton Brooklyn,"228 Duffield Street, New York, NY 11201, United States of America"
Hotel Gansevoort,New York,10014,18,9th Avenue,New York,Hotel Gansevoort,"18 9th Avenue, New York, NY 10014, United States of America"
Canopy by Hilton,Jersey City,07302,N/A,Morgan Street,New Jersey,Canopy by Hilton,"Morgan Street, Jersey City, NJ 07302, United States of America"
Hilton,New York,11201,140,Schermerhorn Street,New York,Hilton,"140 Schermerhorn Street, New York, NY 11201, United States of America"
Residence Inn Jersey City,Jersey City,07302,80,Christopher Columbus Drive,New Jersey,Residence Inn Jersey City,"80 Christopher Columbus Drive, Jersey City, NJ 07302, United States of America"
W Hotels,New York,10003,201,Park Avenue South,New York,W Hotels,"201 Park Avenue South, New York, NY 10003, United States of America"
Hotel Indigo,New York,11201,229,Duffield Street,New York,Hotel Indigo,"229 Duffield Street, New York, NY 11201, United States of America"
Chelsa Inn Hotel,New York,10011,46,West 17th Street,New York,Chelsa Inn Hotel,"46 West 17th Street, New York, NY 10011, United States of America"
Nu Hotel,New York,11201,85,Smith Street,New York,Nu Hotel,"85 Smith Street, New York, NY 11201, United States of America"
The Inn at Irving Place,New York,10003,56,Irving Place,New York,The Inn at Irving Place,"56 Irving Place, New York, NY 10003, United States of America"
Hotel 17,New York,10003,225,East 17th Street,New York,Hotel 17,"225 East 17th Street, New York, NY 10003, United States of America"
Hotel 309,New York,10011,309,14th Street (PATH) underground passage,New York,Hotel 309,"309 14th Street (PATH) underground passage, New York, NY 10011, United States of America"
Chelsea Pines Inn,New York,10011,317,14th Street (PATH) underground passage,New York,Chelsea Pines Inn,"317 14th Street (PATH) underground passage, New York, NY 10011, United States of America"
Soho House New York,New York,10014,N/A,West 13th Street,New York,Soho House New York,"West 13th Street, New York, NY 10014, United States of America"
The Standard,New York,10014,848,Washington Street,New York,The Standard,"848 Washington Street, New York, NY 10014, United States of America"
Liberty Inn,New York,10014,51,10th Avenue,New York,Liberty Inn,"51 10th Avenue, New York, NY 10014, United States of America"
Dream Downtown,New York,10011,355,West 16th Street,New York,Dream Downtown,"355 West 16th Street, New York, NY 10011, United States of America"
Casa Blanca Hotel,New York,11205,143,Park Avenue,New York,Casa Blanca Hotel,"143 Park Avenue, New York, NY 11205, United States of America"
Maritime Hotel,New York,10011,363,West 16th Street,New York,Maritime Hotel,"363 West 16th Street, New York, NY 10011, United States of America"
Gramercy Park Hotel,New York,10010,2,Lexington Avenue,New York,Gramercy Park Hotel,"2 Lexington Avenue, New York, NY 10010, United States of America"
Ace Hotel,New York,11217,252,Schermerhorn Street,New York,Ace Hotel,"252 Schermerhorn Street, New York, NY 11217, United States of America"
Ewards Hotel,Hoboken,07030,N/A,Hudson Street,New Jersey,Ewards Hotel,"Hudson Street, Hoboken, NJ 07030, United States of America"
Holiday Inn Brooklyn Downtown,New York,11217,300,Schermerhorn Street,New York,Holiday Inn Brooklyn Downtown,"300 Schermerhorn Street, New York, NY 11217, United States of America"
Brooklyn Motor Inn,New York,11231,140,Hamilton Avenue,New York,Brooklyn Motor Inn,"140 Hamilton Avenue, New York, NY 11231, United States of America"
The Holland Hotel,Jersey City,07310,175,12th Street,New Jersey,The Holland Hotel,"175 12th Street, Jersey City, NJ 07310, United States of America"
W Hotel,Hoboken,07030,N/A,River Street,New Jersey,W Hotel,"River Street, Hoboken, NJ 07030, United States of America"
Chelsea international hostel,New York,10011,251,West 20th Street,New York,Chelsea international hostel,"251 West 20th Street, New York, NY 10011, United States of America"
"EVEN Hotel Brooklyn, an IHG Hotel",New York,11217,46,Nevins Street,New York,"EVEN Hotel Brooklyn, an IHG Hotel","46 Nevins Street, New York, NY 11217, United States of America"
N/A,Jersey City,07302,N/A,3rd Street,New Jersey,3rd Street,"Jersey City, NJ 07302, United States of America"
New York EDITION,New York,10010,1,Madison Avenue,New York,New York EDITION,"1 Madison Avenue, New York, NY 10010, United States of America"
American Dream Bed & Breakfast,New York,10010,168,East 24th Street,New York,American Dream Bed & Breakfast,"168 East 24th Street, New York, NY 10010, United States of America"
SpringHill Suites,New York,10010,111,East 24th Street,New York,SpringHill Suites,"111 East 24th Street, New York, NY 10010, United States of America"
The Townhouse Inn of Chelsea,New York,10011,131,West 23rd Street,New York,The Townhouse Inn of Chelsea,"131 West 23rd Street, New York, NY 10011, United States of America"
Chelsea Savoy Hotel,New York,10011,204,West 23rd Street,New York,Chelsea Savoy Hotel,"204 West 23rd Street, New York, NY 10011, United States of America"
The Marcel,New York,10010,201,East 24th Street,New York,The Marcel,"201 East 24th Street, New York, NY 10010, United States of America"
The GEM Hotel Chelsea,New York,10011,300,West 22nd Street,New York,The GEM Hotel Chelsea,"300 West 22nd Street, New York, NY 10011, United States of America"
Holiday Inn Express & Suites,Jersey City,07310,N/A,15th Street,New Jersey,Holiday Inn Express & Suites,"15th Street, Jersey City, NJ 07310, United States of America"
Hampton,New York,10011,108,West 24th Street,New York,Hampton,"108 West 24th Street, New York, NY 10011, United States of America"
Hotel Chelsea,New York,10011,222,West 23rd Street,New York,Hotel Chelsea,"222 West 23rd Street, New York, NY 10011, United States of America"
Colonial House,New York,10011,318,West 22nd Street,New York,Colonial House,"318 West 22nd Street, New York, NY 10011, United States of America"
Wyndham Garden Manhattan Chelsea West,New York,10010,37,West 24th Street,New York,Wyndham Garden Manhattan Chelsea West,"37 West 24th Street, New York, NY 10010, United States of America"
The Lodge Red Hook,New York,11231,17,Seabring Street,New York,The Lodge Red Hook,"17 Seabring Street, New York, NY 11231, United States of America"
Carlton Arms Hotel,New York,10010,160,East 25th Street,New York,Carlton Arms Hotel,"160 East 25th Street, New York, NY 10010, United States of America"
Heritage Hotel,New York,10001,18,West 25th Street,New York,Heritage Hotel,"18 West 25th Street, New York, NY 10001, United States of America"
Lex Hotel NYC,New York,10010,67,Lexington Avenue,New York,Lex Hotel NYC,"67 Lexington Avenue, New York, NY 10010, United States of America"
Leo house,New York,10011,332,West 23rd Street,New York,Leo house,"332 West 23rd Street, New York, NY 10011, United States of America"
Four Points by Sheraton Manhattan Chelsea,New York,10001,N/A,West 25th Street,New York,Four Points by Sheraton Manhattan Chelsea,"West 25th Street, New York, NY 10001, United States of America"
Hotel Giraffe,New York,10016,365,Park Avenue South,New York,Hotel Giraffe,"365 Park Avenue South, New York, NY 10016, United States of America"
Flatiron Hotel,New York,10010,9,West 26th Street,New York,Flatiron Hotel,"9 West 26th Street, New York, NY 10010, United States of America"
The Baltic Hotel,New York,11217,489,Baltic Street,New York,The Baltic Hotel,"489 Baltic Street, New York, NY 11217, United States of America"
Zephyr Lofts,Hoboken,07030,689,Marin Boulevard,New Jersey,Zephyr Lofts,"689 Marin Boulevard, Hoboken, NJ 07030, United States of America"
Hilton New York Fashion District,New York,10001,150,West 26th Street,New York,Hilton New York Fashion District,"150 West 26th Street, New York, NY 10001, United States of America"
Broadway Plaza Hotel,New York,10001,1155,Broadway,New York,Broadway Plaza Hotel,"1155 Broadway, New York, NY 10001, United States of America"
The Evelyn,New York,10016,7,East 27th Street,New York,The Evelyn,"7 East 27th Street, New York, NY 10016, United States of America"
Senton Hotel,New York,10001,39,West 27th,New York,Senton Hotel,"39 West 27th, New York, NY 10001, United States of America"
The Nomad,New York,10001,1170,Broadway,New York,The Nomad,"1170 Broadway, New York, NY 10001, United States of America"
Parksouth Hotel,New York,10016,124,East 28th Street,New York,Parksouth Hotel,"124 East 28th Street, New York, NY 10016, United States of America"
Latham,New York,10016,4,East 28th Street,New York,Latham,"4 East 28th Street, New York, NY 10016, United States of America"
Fairfield Inn,New York,10001,116,West 28th Street,New York,Fairfield Inn,"116 West 28th Street, New York, NY 10001, United States of America"
The Ritz-Carlton,New York,10001,25,West 28th Street,New York,The Ritz-Carlton,"25 West 28th Street, New York, NY 10001, United States of America"
The James New York - NoMad,New York,10016,22,East 29th Street,New York,The James New York - NoMad,"22 East 29th Street, New York, NY 10016, United States of America"
Royalton Park Avenue,New York,10016,420,Park Avenue South,New York,Royalton Park Avenue,"420 Park Avenue South, New York, NY 10016, United States of America"
N/A,Jersey City,07302,473,Monmouth Street,New Jersey,473 Monmouth Street,"Jersey City, NJ 07302, United States of America"
Hyatt House,New York,10001,815,6th Avenue,New York,Hyatt House,"815 6th Avenue, New York, NY 10001, United States of America"
Hilton Garden Inn,New York,10001,121,West 28th Street,New York,Hilton Garden Inn,"121 West 28th Street, New York, NY 10001, United States of America"
Cambria Hotel & Suites,New York,10001,123,West 28th Street,New York,Cambria Hotel & Suites,"123 West 28th Street, New York, NY 10001, United States of America"
Hotel Indigo,New York,10001,127,West 28th Street,New York,Hotel Indigo,"127 West 28th Street, New York, NY 10001, United States of America"
Ace Hotel,New York,10001,10001,West 29th Street,New York,Ace Hotel,"10001 West 29th Street, New York, NY 10001, United States of America"
The Redbury New York,New York,10016,29,East 29th Street,New York,The Redbury New York,"29 East 29th Street, New York, NY 10016, United States of America"
The Pod,New York,11211,247,Metropolitan Avenue,New York,The Pod,"247 Metropolitan Avenue, New York, NY 11211, United States of America"
Hotel Hayden,New York,10001,137,West 28th Street,New York,Hotel Hayden,"137 West 28th Street, New York, NY 10001, United States of America"
The Paul,New York,10001,32,West 29th Street,New York,The Paul,"32 West 29th Street, New York, NY 10001, United States of America"
Clarion Hotel Park Avenue,New York,10016,429,Park Avenue South,New York,Clarion Hotel Park Avenue,"429 Park Avenue South, New York, NY 10016, United States of America"
DoubleTree,New York,10001,128,West 29th Street,New York,DoubleTree,"128 West 29th Street, New York, NY 10001, United States of America"
Best Western Premier,New York,10016,16,East 30th Street,New York,Best Western Premier,"16 East 30th Street, New York, NY 10016, United States of America"
Eventi,New York,10001,835,6th Avenue,New York,Eventi,"835 6th Avenue, New York, NY 10001, United States of America"
The Hotel @ New York City,New York,10016,161,Lexington Avenue,New York,The Hotel @ New York City,"161 Lexington Avenue, New York, NY 10016, United States of America"
Fairfield Inn,New York,11217,N/A,Butler Street,New York,Fairfield Inn,"Butler Street, New York, NY 11217, United States of America"
N/A,New York,11211,N/A,South 2nd Street,New York,South 2nd Street,"New York, NY 11211, United States of America"
Mondrian Park Avenue,New York,10016,444,Park Avenue South,New York,Mondrian Park Avenue,"444 Park Avenue South, New York, NY 10016, United States of America"
Holiday Inn Express New York City – Chelsea,New York,10001,232,West 29th Street,New York,Holiday Inn Express New York City – Chelsea,"232 West 29th Street, New York, NY 10001, United States of America"
Hotel Chandler,New York,10016,12,East 31st Street,New York,Hotel Chandler,"12 East 31st Street, New York, NY 10016, United States of America"
hotel aka.,New York,10037,131,Madison Avenue,New York,hotel aka.,"131 Madison Avenue, New York, NY 10037, United States of America"
N/A,New York,10037,161,Lexington Avenue,New York,161 Lexington Avenue,"New York, NY 10037, United States of America"
Hotel Wolcott,New York,10001,4,West 31st Street,New York,Hotel Wolcott,"4 West 31st Street, New York, NY 10001, United States of America"
Hyatt Herald Square New York,New York,10001,30,West 31st Street,New York,Hyatt Herald Square New York,"30 West 31st Street, New York, NY 10001, United States of America"
Hoxton,New York,11211,N/A,Wythe Avenue,New York,Hoxton,"Wythe Avenue, New York, NY 11211, United States of America"
Hotel 31,New York,10016,120,East 31st Street,New York,Hotel 31,"120 East 31st Street, New York, NY 10016, United States of America"
The Williamsburg Hotel,New York,11249,96,Wythe Avenue,New York,The Williamsburg Hotel,"96 Wythe Avenue, New York, NY 11249, United States of America"
Courtyard Marriot,New York,10001,135,West 30th Street,New York,Courtyard Marriot,"135 West 30th Street, New York, NY 10001, United States of America"
Arlo NoMad,New York,10016,11,East 31st Street,New York,Arlo NoMad,"11 East 31st Street, New York, NY 10016, United States of America"
Hampton,New York,10001,116,West 31st Street,New York,Hampton,"116 West 31st Street, New York, NY 10001, United States of America"
Life Hotel,New York,10001,19,West 31st Street,New York,Life Hotel,"19 West 31st Street, New York, NY 10001, United States of America"
The Marmara Park Avenue,New York,10016,112,East 32nd Street,New York,The Marmara Park Avenue,"112 East 32nd Street, New York, NY 10016, United States of America"
Hotel 32 32,New York,10016,32,East 32nd Street,New York,Hotel 32 32,"32 East 32nd Street, New York, NY 10016, United States of America"
HGU,New York,10016,34,East 32nd Street,New York,HGU,"34 East 32nd Street, New York, NY 10016, United States of America"
Stewart Hotel,New York,10001,371,7th Avenue,New York,Stewart Hotel,"371 7th Avenue, New York, NY 10001, United States of America"
nyma,New York,10001,6,West 32nd Street,New York,nyma,"6 West 32nd Street, New York, NY 10001, United States of America"
The Marmara,New York,10016,112,East 32nd Street,New York,The Marmara,"112 East 32nd Street, New York, NY 10016, United States of America"
Avalon Hotel,New York,10016,16,East 32nd Street,New York,Avalon Hotel,"16 East 32nd Street, New York, NY 10016, United States of America"
Selina Chelsea New York City,New York,10001,518,West 27th Street,New York,Selina Chelsea New York City,"518 West 27th Street, New York, NY 10001, United States of America"
Wythe Hotel,New York,11249,80,Wythe Avenue,New York,Wythe Hotel,"80 Wythe Avenue, New York, NY 11249, United States of America"
Union Hotel,New York,11217,611,Degraw Street,New York,Union Hotel,"611 Degraw Street, New York, NY 11217, United States of America"
The Hotel @ 5th Avenue,New York,10001,17,West 32nd Street,New York,The Hotel @ 5th Avenue,"17 West 32nd Street, New York, NY 10001, United States of America"
Midtown West Hotel,New York,10001,303,West 30th Street,New York,Midtown West Hotel,"303 West 30th Street, New York, NY 10001, United States of America"
Hotel Stanford,New York,10001,43,West 32nd Street,New York,Hotel Stanford,"43 West 32nd Street, New York, NY 10001, United States of America"
"Martinique New York on Broadway, Curio Collection by Hilton",New York,10001,49,West 32nd Street,New York,"Martinique New York on Broadway, Curio Collection by Hilton","49 West 32nd Street, New York, NY 10001, United States of America"
Holiday Inn Express Brooklyn,New York,11215,625,Union Street,New York,Holiday Inn Express Brooklyn,"625 Union Street, New York, NY 11215, United States of America"
Hotel Pennsylvania,New York,10001,401,7th Avenue,New York,Hotel Pennsylvania,"401 7th Avenue, New York, NY 10001, United States of America"
Hilton Garden Inn Midtown Park Avenue,New York,10016,49,East 33rd Street,New York,Hilton Garden Inn Midtown Park Avenue,"49 East 33rd Street, New York, NY 10016, United States of America"
The William Vale,New York,11249,111,North 12th Street,New York,The William Vale,"111 North 12th Street, New York, NY 11249, United States of America"
Murray Hill Marquis,New York,10016,150,East 34th Street,New York,Murray Hill Marquis,"150 East 34th Street, New York, NY 10016, United States of America"
Towneplace Suites,New York,11215,561,President Street,New York,Towneplace Suites,"561 President Street, New York, NY 11215, United States of America"
McCarren Hotel & Pool,New York,11249,160,North 12th Street,New York,McCarren Hotel & Pool,"160 North 12th Street, New York, NY 11249, United States of America"
The Gregory Hotel,New York,10001,42,West 35th Street,New York,The Gregory Hotel,"42 West 35th Street, New York, NY 10001, United States of America"
U Hotel Fifth Avenue,New York,10035,373,5th Avenue,New York,U Hotel Fifth Avenue,"373 5th Avenue, New York, NY 10035, United States of America"
Hotel Indigo,New York,11211,500,Metropolitan Avenue,New York,Hotel Indigo,"500 Metropolitan Avenue, New York, NY 11211, United States of America"
The Kixby,New York,10001,45,West 35th Street,New York,The Kixby,"45 West 35th Street, New York, NY 10001, United States of America"
Fairfield Inn,New York,10001,325,West 33rd Street,New York,Fairfield Inn,"325 West 33rd Street, New York, NY 10001, United States of America"
Hampton Inn Manhattan-35th St/Empire State Bldg,New York,10001,59,West 35th Street,New York,Hampton Inn Manhattan-35th St/Empire State Bldg,"59 West 35th Street, New York, NY 10001, United States of America"
Hilton Garden Inn,New York,10001,63,West 35th Street,New York,Hilton Garden Inn,"63 West 35th Street, New York, NY 10001, United States of America"
Renaissance,New York,10001,218,West 35th Street,New York,Renaissance,"218 West 35th Street, New York, NY 10001, United States of America"
LeSoleil,New York,10018,38,West 36th Street,New York,LeSoleil,"38 West 36th Street, New York, NY 10018, United States of America"
Best Western Herald Square,New York,10018,50,West 36th Street,New York,Best Western Herald Square,"50 West 36th Street, New York, NY 10018, United States of America"
Hyatt Place New York/Midtown-South,New York,10018,52,West 36th Street,New York,Hyatt Place New York/Midtown-South,"52 West 36th Street, New York, NY 10018, United States of America"
Holiday Inn Express,New York,10018,60,West 36th Street,New York,Holiday Inn Express,"60 West 36th Street, New York, NY 10018, United States of America"
Pendry Manhattan West,New York,10001,438,West 33rd Street,New York,Pendry Manhattan West,"438 West 33rd Street, New York, NY 10001, United States of America"
The New Yorker,New York,10001,481,8th Avenue,New York,The New Yorker,"481 8th Avenue, New York, NY 10001, United States of America"
Henn Na Hotel,New York,10001,235,West 35th Street,New York,Henn Na Hotel,"235 West 35th Street, New York, NY 10001, United States of America"
Oakwood Furnished Apartments,New York,10016,554,3rd Avenue,New York,Oakwood Furnished Apartments,"554 3rd Avenue, New York, NY 10016, United States of America"
Embassy Suites by Hilton,New York,10018,60,West 37th Street,New York,Embassy Suites by Hilton,"60 West 37th Street, New York, NY 10018, United States of America"
Illumination Bed & Breakfast,New York,11238,138,Saint James Place,New York,Illumination Bed & Breakfast,"138 Saint James Place, New York, NY 11238, United States of America"
The Shelburne Sonesta New York,New York,10016,303,Lexington Avenue,New York,The Shelburne Sonesta New York,"303 Lexington Avenue, New York, NY 10016, United States of America"
Fairfield Inn,New York,10018,21,West 37th Street,New York,Fairfield Inn,"21 West 37th Street, New York, NY 10018, United States of America"
EVEN Hotel New York - Times Square South,New York,10018,321,West 35th Street,New York,EVEN Hotel New York - Times Square South,"321 West 35th Street, New York, NY 10018, United States of America"
SpringHill Suites,New York,10018,25,West 37th Street,New York,SpringHill Suites,"25 West 37th Street, New York, NY 10018, United States of America"
Mason Civic League,Hoboken,07030,N/A,12th Street,New Jersey,Mason Civic League,"12th Street, Hoboken, NJ 07030, United States of America"
35 Hudson Yards,New York,10001,35,Hudson Boulevard West,New York,35 Hudson Yards,"35 Hudson Boulevard West, New York, NY 10001, United States of America"
Madison Towers Hotel,New York,10016,22,East 38th Street,New York,Madison Towers Hotel,"22 East 38th Street, New York, NY 10016, United States of America"
"Marriott Vacation Club, New York City",New York,10018,33,West 37th Street,New York,"Marriott Vacation Club, New York City","33 West 37th Street, New York, NY 10018, United States of America"
The Kitano New York,New York,10016,66,Park Avenue,New York,The Kitano New York,"66 Park Avenue, New York, NY 10016, United States of America"
Equinox,New York,10001,32,Hudson Boulevard West,New York,Equinox,"32 Hudson Boulevard West, New York, NY 10001, United States of America"
Franklin Guesthouse,New York,11222,214,Franklin Street,New York,Franklin Guesthouse,"214 Franklin Street, New York, NY 11222, United States of America"
Crowne Plaza,New York,10018,320,West 36th Street,New York,Crowne Plaza,"320 West 36th Street, New York, NY 10018, United States of America"
TRYP,New York,10018,345,West 35th Street,New York,TRYP,"345 West 35th Street, New York, NY 10018, United States of America"
Hotel le Bleu,New York,11215,370,4th Avenue,New York,Hotel le Bleu,"370 4th Avenue, New York, NY 11215, United States of America"
Fairfield Inn & Suites,New York,10018,338,West 36th Street,New York,Fairfield Inn & Suites,"338 West 36th Street, New York, NY 10018, United States of America"
Courtyard by Marriott,New York,10001,461,West 34th Street,New York,Courtyard by Marriott,"461 West 34th Street, New York, NY 10001, United States of America"
Hyatt Centric 39th & 5th New York,New York,10016,16,East 39th Street,New York,Hyatt Centric 39th & 5th New York,"16 East 39th Street, New York, NY 10016, United States of America"
Novo,New York,10016,151,East 38th Street,New York,Novo,"151 East 38th Street, New York, NY 10016, United States of America"
Radisson Hotel,New York,10018,525,8th Avenue,New York,Radisson Hotel,"525 8th Avenue, New York, NY 10018, United States of America"
Iberostar,New York,10016,70,Park Avenue,New York,Iberostar,"70 Park Avenue, New York, NY 10016, United States of America"
Hotel Hendricks,New York,10018,25,West 38th Street,New York,Hotel Hendricks,"25 West 38th Street, New York, NY 10018, United States of America"
Archer Hotel,New York,10018,45,West 38th Street,New York,Archer Hotel,"45 West 38th Street, New York, NY 10018, United States of America"
The William,New York,10016,24,East 39th Street,New York,The William,"24 East 39th Street, New York, NY 10016, United States of America"
Staypineapple,New York,10018,337,West 36th Street,New York,Staypineapple,"337 West 36th Street, New York, NY 10018, United States of America"
Refinery,New York,10018,63,West 38th Street,New York,Refinery,"63 West 38th Street, New York, NY 10018, United States of America"
Hotel Central Times Square,New York,10018,N/A,West 36th Street,New York,Hotel Central Times Square,"West 36th Street, New York, NY 10018, United States of America"
Americana Inn,New York,10018,69,West 38th Street,New York,Americana Inn,"69 West 38th Street, New York, NY 10018, United States of America"
"Homewood Suites by Hilton New York/Midtown Manhattan Times Square-South, NY",New York,10018,312,West 37th Street,New York,"Homewood Suites by Hilton New York/Midtown Manhattan Times Square-South, NY","312 West 37th Street, New York, NY 10018, United States of America"
Greenpoint Branch YMCA,New York,11222,95,Meserole Avenue,New York,Greenpoint Branch YMCA,"95 Meserole Avenue, New York, NY 11222, United States of America"
Hilton Garden Inn,New York,10018,326,West 37th Street,New York,Hilton Garden Inn,"326 West 37th Street, New York, NY 10018, United States of America"
POD 39,New York,10016,145,East 39th Street,New York,POD 39,"145 East 39th Street, New York, NY 10016, United States of America"
Murray Hill East Suites,New York,10016,149,East 39th Street,New York,Murray Hill East Suites,"149 East 39th Street, New York, NY 10016, United States of America"
Courtyard,New York,10018,307,West 37th Street,New York,Courtyard,"307 West 37th Street, New York, NY 10018, United States of America"
Residence Inn Manhattan/Times Square,New York,10019,1033,6th Avenue,New York,Residence Inn Manhattan/Times Square,"1033 6th Avenue, New York, NY 10019, United States of America"
Quality Inn,New York,10018,442,West 36th Street,New York,Quality Inn,"442 West 36th Street, New York, NY 10018, United States of America"
Seton Hotel,New York,10016,144,East 40th Street,New York,Seton Hotel,"144 East 40th Street, New York, NY 10016, United States of America"
The Renwick Hotel,New York,10016,118,East 40th Street,New York,The Renwick Hotel,"118 East 40th Street, New York, NY 10016, United States of America"
Doxie Hotel,New York,10018,273,West 38th Street,New York,Doxie Hotel,"273 West 38th Street, New York, NY 10018, United States of America"
Park Terrace Hotel,New York,10018,16,West 40th Street,New York,Park Terrace Hotel,"16 West 40th Street, New York, NY 10018, United States of America"
Bryant Park Hotel,New York,10018,40,West 40th Street,New York,Bryant Park Hotel,"40 West 40th Street, New York, NY 10018, United States of America"
Courtyard New York Manhattan/Fifth Avenue,New York,10017,3,East 40th Street,New York,Courtyard New York Manhattan/Fifth Avenue,"3 East 40th Street, New York, NY 10017, United States of America"
Dylan Hotel,New York,10017,52,East 41st Street,New York,Dylan Hotel,"52 East 41st Street, New York, NY 10017, United States of America"
Holiday Inn,New York,10018,585,8th Avenue,New York,Holiday Inn,"585 8th Avenue, New York, NY 10018, United States of America"
La Quinta Inn & Suites,New York,10018,333,West 38th Street,New York,La Quinta Inn & Suites,"333 West 38th Street, New York, NY 10018, United States of America"
Hyatt Place,New York,10018,350,West 39th Street,New York,Hyatt Place,"350 West 39th Street, New York, NY 10018, United States of America"
LUMA Hotel Times Square,New York,10036,120,West 41st Street,New York,LUMA Hotel Times Square,"120 West 41st Street, New York, NY 10036, United States of America"
Library Hotel,New York,10017,299,Madison Avenue,New York,Library Hotel,"299 Madison Avenue, New York, NY 10017, United States of America"
Artel Hotel,New York,10018,305,West 39th Street,New York,Artel Hotel,"305 West 39th Street, New York, NY 10018, United States of America"
Element,New York,10018,311,West 39th Street,New York,Element,"311 West 39th Street, New York, NY 10018, United States of America"
Andaz,New York,10017,485,5th Avenue,New York,Andaz,"485 5th Avenue, New York, NY 10017, United States of America"
The Westin New York Grand Central,New York,10017,212,East 42nd Street,New York,The Westin New York Grand Central,"212 East 42nd Street, New York, NY 10017, United States of America"
Hampton,New York,10018,337,West 39th Street,New York,Hampton,"337 West 39th Street, New York, NY 10018, United States of America"
Aliz Hotel Times Square,New York,10018,310,West 40th Street,New York,Aliz Hotel Times Square,"310 West 40th Street, New York, NY 10018, United States of America"
Candlewood Suites,New York,10018,339,West 39th Street,New York,Candlewood Suites,"339 West 39th Street, New York, NY 10018, United States of America"
Holiday Inn Express,New York,10018,343,West 39th Street,New York,Holiday Inn Express,"343 West 39th Street, New York, NY 10018, United States of America"
Aloft,New York,10018,450,11th Avenue,New York,Aloft,"450 11th Avenue, New York, NY 10018, United States of America"
Equity Point,New York,10018,206,West 41st Street,New York,Equity Point,"206 West 41st Street, New York, NY 10018, United States of America"
Truss Hotel Times Square,New York,10018,515,9th Avenue,New York,Truss Hotel Times Square,"515 9th Avenue, New York, NY 10018, United States of America"
Hampton,New York,10018,220,West 41st Street,New York,Hampton,"220 West 41st Street, New York, NY 10018, United States of America"
Four Points by Sheraton,New York,10018,326,West 40th Street,New York,Four Points by Sheraton,"326 West 40th Street, New York, NY 10018, United States of America"
Staybridge Suites,New York,10018,340,West 40th Street,New York,Staybridge Suites,"340 West 40th Street, New York, NY 10018, United States of America"
The Knickerbocker Hotel,New York,10036,6,Times Square,New York,The Knickerbocker Hotel,"6 Times Square, New York, NY 10036, United States of America"
Fairfield Inn & Suites,New York,10018,330,West 40th Street,New York,Fairfield Inn & Suites,"330 West 40th Street, New York, NY 10018, United States of America"
Distrikt Hotel,New York,10018,342,West 40th Street,New York,Distrikt Hotel,"342 West 40th Street, New York, NY 10018, United States of America"
DoubleTree by Hilton Hotel New York Times Square West,New York,10018,350,West 40th Street,New York,DoubleTree by Hilton Hotel New York Times Square West,"350 West 40th Street, New York, NY 10018, United States of America"
Best Western Convention Center,New York,10018,522,West 38th Street,New York,Best Western Convention Center,"522 West 38th Street, New York, NY 10018, United States of America"
Westgate New York Grand Central Hotel,New York,10017,304,East 42nd Street,New York,Westgate New York Grand Central Hotel,"304 East 42nd Street, New York, NY 10017, United States of America"
Hilton Garden Inn,New York,10036,136,West 42nd Street,New York,Hilton Garden Inn,"136 West 42nd Street, New York, NY 10036, United States of America"
Grand Hyatt New York,New York,10017,109,Lexington Avenue,New York,Grand Hyatt New York,"109 Lexington Avenue, New York, NY 10017, United States of America"
La Quinta,New York,11215,531-533,3rd Avenue,New York,La Quinta,"531-533 3rd Avenue, New York, NY 11215, United States of America"
Hilton,New York,10018,350,West 40th Street,New York,Hilton,"350 West 40th Street, New York, NY 10018, United States of America"
tba,New York,10018,340,West 40th Street,New York,tba,"340 West 40th Street, New York, NY 10018, United States of America"
Hampton,New York,10017,231,East 43rd Street,New York,Hampton,"231 East 43rd Street, New York, NY 10017, United States of America"
Royalton New York,New York,10036,44,West 44th Street,New York,Royalton New York,"44 West 44th Street, New York, NY 10036, United States of America"
The Westin,New York,10036,270,8th Avenue,New York,The Westin,"270 8th Avenue, New York, NY 10036, United States of America"
Casablanca Hotel,New York,10036,147,West 43rd Street,New York,Casablanca Hotel,"147 West 43rd Street, New York, NY 10036, United States of America"
The Chatwal,New York,10036,130,West 44th Street,New York,The Chatwal,"130 West 44th Street, New York, NY 10036, United States of America"
Fitzpatrick Grand Central Hotel,New York,10017,141,East 44th Street,New York,Fitzpatrick Grand Central Hotel,"141 East 44th Street, New York, NY 10017, United States of America"
EVEN Hotel Midtown East,New York,10017,219,East 44th Street,New York,EVEN Hotel Midtown East,"219 East 44th Street, New York, NY 10017, United States of America"
Iroquois New York Hotel,New York,10036,49,West 44th Street,New York,Iroquois New York Hotel,"49 West 44th Street, New York, NY 10036, United States of America"
Sofitel,New York,10036,45,West 44th Street,New York,Sofitel,"45 West 44th Street, New York, NY 10036, United States of America"
City Club Hotel,New York,10036,55,West 44th Street,New York,City Club Hotel,"55 West 44th Street, New York, NY 10036, United States of America"
The Pod Times Square,New York,10036,400,West 42nd Street,New York,The Pod Times Square,"400 West 42nd Street, New York, NY 10036, United States of America"
Box House Hotel,New York,11222,77,Box Street,New York,Box House Hotel,"77 Box Street, New York, NY 11222, United States of America"
Algonquin Hotel,New York,10036,59,West 44th Street,New York,Algonquin Hotel,"59 West 44th Street, New York, NY 10036, United States of America"
hotel mela,New York,10036,120,West 44th Street,New York,hotel mela,"120 West 44th Street, New York, NY 10036, United States of America"
AKA Times Square,New York,10036,123,West 44th Street,New York,AKA Times Square,"123 West 44th Street, New York, NY 10036, United States of America"
Millennium Hilton One UN Plaza,New York,10017,1,1st Avenue,New York,Millennium Hilton One UN Plaza,"1 1st Avenue, New York, NY 10017, United States of America"
United Nations Apartment Hotel,New York,10017,302,East 45th Street,New York,United Nations Apartment Hotel,"302 East 45th Street, New York, NY 10017, United States of America"
Club Quarters Hotel,New York,10017,128,East 45th Street,New York,Club Quarters Hotel,"128 East 45th Street, New York, NY 10017, United States of America"
Millennium Broadway,New York,10036,145,West 44th Street,New York,Millennium Broadway,"145 West 44th Street, New York, NY 10036, United States of America"
Yotel New York,New York,10036,570,10th Avenue,New York,Yotel New York,"570 10th Avenue, New York, NY 10036, United States of America"
Cassa Hotel,New York,10036,70,West 45th Street,New York,Cassa Hotel,"70 West 45th Street, New York, NY 10036, United States of America"
Club Quarter Hôtel,New York,10036,40,West 45th Street,New York,Club Quarter Hôtel,"40 West 45th Street, New York, NY 10036, United States of America"
Night Theater District,New York,10036,132,West 45th Street,New York,Night Theater District,"132 West 45th Street, New York, NY 10036, United States of America"
InterContinental New York Times Square,New York,10036,300,West 44th Street,New York,InterContinental New York Times Square,"300 West 44th Street, New York, NY 10036, United States of America"
Club Wyndham Midtown 45,New York,10017,205,East 45th Street,New York,Club Wyndham Midtown 45,"205 East 45th Street, New York, NY 10017, United States of America"
Citadines Connect,New York,10036,15,West 45th Street,New York,Citadines Connect,"15 West 45th Street, New York, NY 10036, United States of America"
TownePlace Suites,New York,10036,N/A,West 44th Street,New York,TownePlace Suites,"West 44th Street, New York, NY 10036, United States of America"
Gotham Hotel,New York,10017,16,East 46th Street,New York,Gotham Hotel,"16 East 46th Street, New York, NY 10017, United States of America"
Hotel St. James,New York,10036,109,West 45th Street,New York,Hotel St. James,"109 West 45th Street, New York, NY 10036, United States of America"
The Row Hotel,New York,10036,700,8th Avenue,New York,The Row Hotel,"700 8th Avenue, New York, NY 10036, United States of America"
Sheraton Lincoln Harbor,Weehawken,07086,500,Harbor Boulevard,New Jersey,Sheraton Lincoln Harbor,"500 Harbor Boulevard, Weehawken, NJ 07086, United States of America"
Cambria Hotel,New York,10036,30,West 46th Street,New York,Cambria Hotel,"30 West 46th Street, New York, NY 10036, United States of America"
Hotel Boutique,New York,10037,N/A,Lexington Avenue,New York,Hotel Boutique,"Lexington Avenue, New York, NY 10037, United States of America"
Room Mate Grace Hotel,New York,10036,125,West 45th Street,New York,Room Mate Grace Hotel,"125 West 45th Street, New York, NY 10036, United States of America"
Hyatt Centric Times Square,New York,10036,135,West 45th Street,New York,Hyatt Centric Times Square,"135 West 45th Street, New York, NY 10036, United States of America"
The Muse New York,New York,10036,130,West 46th Street,New York,The Muse New York,"130 West 46th Street, New York, NY 10036, United States of America"
New York Marriott Marquis,New York,10019,1535,Broadway,New York,New York Marriott Marquis,"1535 Broadway, New York, NY 10019, United States of America"
Comfort Inn,New York,10036,343,West 44th Street,New York,Comfort Inn,"343 West 44th Street, New York, NY 10036, United States of America"
The Hotel @ Times Square,New York,10036,1180,6th Avenue,New York,The Hotel @ Times Square,"1180 6th Avenue, New York, NY 10036, United States of America"
Vanderbilt YMCA,New York,10017,224,East 47th Street,New York,Vanderbilt YMCA,"224 East 47th Street, New York, NY 10017, United States of America"
Broadway @ Times Square Hotel,New York,10036,129,West 46th Street,New York,Broadway @ Times Square Hotel,"129 West 46th Street, New York, NY 10036, United States of America"
Roger Smith Hotel,New York,10017,N/A,East 47th Street,New York,Roger Smith Hotel,"East 47th Street, New York, NY 10017, United States of America"
The Bernic,New York,10017,145,East 47th Street,New York,The Bernic,"145 East 47th Street, New York, NY 10017, United States of America"
Paramount Hotel,New York,10036,249,West 45th Street,New York,Paramount Hotel,"249 West 45th Street, New York, NY 10036, United States of America"
The Hotel Edison NYC,New York,10036,228,West 47th Street,New York,The Hotel Edison NYC,"228 West 47th Street, New York, NY 10036, United States of America"
Paramount Hotel,New York,10036,235,West 46th Street,New York,Paramount Hotel,"235 West 46th Street, New York, NY 10036, United States of America"
The Lexington,New York,10017,511,Lexington Avenue,New York,The Lexington,"511 Lexington Avenue, New York, NY 10017, United States of America"
Sanctuary Hotel,New York,10036,132,West 47th Street,New York,Sanctuary Hotel,"132 West 47th Street, New York, NY 10036, United States of America"
Residence Inn by Marriott,New York,10017,148,East 48th Street,New York,Residence Inn by Marriott,"148 East 48th Street, New York, NY 10017, United States of America"
W Times Square Hotel,New York,10036,N/A,West 47th Street,New York,W Times Square Hotel,"West 47th Street, New York, NY 10036, United States of America"
DoubleTree Suites,New York,10036,1568,Broadway,New York,DoubleTree Suites,"1568 Broadway, New York, NY 10036, United States of America"
Hotel Riu Plaza New York Times Square,New York,10036,305,West 46th Street,New York,Hotel Riu Plaza New York Times Square,"305 West 46th Street, New York, NY 10036, United States of America"
Hotel Riu Plaza Manhattan Times Square,New York,10036,145,West 47th Street,New York,Hotel Riu Plaza Manhattan Times Square,"145 West 47th Street, New York, NY 10036, United States of America"
The French Quarters Guest Apartments,New York,10036,346,West 46th Street,New York,The French Quarters Guest Apartments,"346 West 46th Street, New York, NY 10036, United States of America"
InterContinental New York Barclay,New York,10017,111,East 48th Street,New York,InterContinental New York Barclay,"111 East 48th Street, New York, NY 10017, United States of America"
Hyatt,New York,10017,517,Lexington Avenue,New York,Hyatt,"517 Lexington Avenue, New York, NY 10017, United States of America"
Hotel Riu Plaza New York Times Square,New York,10036,305,West 46th Street,New York,Hotel Riu Plaza New York Times Square,"305 West 46th Street, New York, NY 10036, United States of America"
The Henry Norman Hotel,New York,11222,251,North Henry Street,New York,The Henry Norman Hotel,"251 North Henry Street, New York, NY 11222, United States of America"
Econo Lodge,New York,10036,302,West 47th Street,New York,Econo Lodge,"302 West 47th Street, New York, NY 10036, United States of America"
Renaissance New York Times Square Hotel,New York,10036,N/A,West 48th Street,New York,Renaissance New York Times Square Hotel,"West 48th Street, New York, NY 10036, United States of America"
Hard Rock Hotel,New York,10019,159,West 48th Street,New York,Hard Rock Hotel,"159 West 48th Street, New York, NY 10019, United States of America"
The Gallivant,New York,10036,234,West 48th Street,New York,The Gallivant,"234 West 48th Street, New York, NY 10036, United States of America"
Haiban Inn,Jersey City,07306,789,Newark Avenue,New Jersey,Haiban Inn,"789 Newark Avenue, Jersey City, NJ 07306, United States of America"
Waldorf-Astoria Hotel,New York,10037,301,Park Avenue,New York,Waldorf-Astoria Hotel,"301 Park Avenue, New York, NY 10037, United States of America"
Crowne Plaza Times Square,New York,10019,1605,Broadway,New York,Crowne Plaza Times Square,"1605 Broadway, New York, NY 10019, United States of America"
W Hotels,New York,10022,541,Lexington Avenue,New York,W Hotels,"541 Lexington Avenue, New York, NY 10022, United States of America"
San Carlos,New York,10022,150,East 50th Street,New York,San Carlos,"150 East 50th Street, New York, NY 10022, United States of America"
Hilton Garden Inn,New York,10019,790,8th Avenue,New York,Hilton Garden Inn,"790 8th Avenue, New York, NY 10019, United States of America"
Radio City Apartment,New York,10019,142,West 49th Street,New York,Radio City Apartment,"142 West 49th Street, New York, NY 10019, United States of America"
Beekman Tower,New York,10017,N/A,Mitchell Place,New York,Beekman Tower,"Mitchell Place, New York, NY 10017, United States of America"
Mayfair,New York,10019,242,West 49th Street,New York,Mayfair,"242 West 49th Street, New York, NY 10019, United States of America"
Belvedere Hotel,New York,10036,319,West 48th Street,New York,Belvedere Hotel,"319 West 48th Street, New York, NY 10036, United States of America"
Lotte New York Palace,New York,10022,455,Madison Avenue,New York,Lotte New York Palace,"455 Madison Avenue, New York, NY 10022, United States of America"
The Benjamin Royal Sonesta New York,New York,10022,125,East 50th Street,New York,The Benjamin Royal Sonesta New York,"125 East 50th Street, New York, NY 10022, United States of America"
The Kimberly,New York,10022,145,East 50th Street,New York,The Kimberly,"145 East 50th Street, New York, NY 10022, United States of America"
Ramada by Wyndham Jersey City,Jersey City,07306,65,Tonnelle Avenue,New Jersey,Ramada by Wyndham Jersey City,"65 Tonnelle Avenue, Jersey City, NJ 07306, United States of America"
The Fifty Sonesta Select New York,New York,10022,155,East 50th Street,New York,The Fifty Sonesta Select New York,"155 East 50th Street, New York, NY 10022, United States of America"
Doubletree by Hilton Hotel Metropolitan,New York,10022,569,Lexington Avenue,New York,Doubletree by Hilton Hotel Metropolitan,"569 Lexington Avenue, New York, NY 10022, United States of America"
The Pod Hotel,New York,10022,230,East 51st Street,New York,The Pod Hotel,"230 East 51st Street, New York, NY 10022, United States of America"
citizenM,New York,10019,218,West 50th Street,New York,citizenM,"218 West 50th Street, New York, NY 10019, United States of America"
The Michelangelo,New York,10019,152,West 51st Street,New York,The Michelangelo,"152 West 51st Street, New York, NY 10019, United States of America"
Radisson Hotel,New York,10019,25,West 51st Street,New York,Radisson Hotel,"25 West 51st Street, New York, NY 10019, United States of America"
Club Quarters,New York,10019,25,West 51st Street,New York,Club Quarters,"25 West 51st Street, New York, NY 10019, United States of America"
Park Avenue Apartments,New York,11206,869,Park Avenue,New York,Park Avenue Apartments,"869 Park Avenue, New York, NY 11206, United States of America"
Hilton Garden Inn,New York,10022,206,East 52nd Street,New York,Hilton Garden Inn,"206 East 52nd Street, New York, NY 10022, United States of America"
Holiday Inn Express,New York,10036,538,West 48th Street,New York,Holiday Inn Express,"538 West 48th Street, New York, NY 10036, United States of America"
Comfort Inn,New York,10036,548,West 48th Street,New York,Comfort Inn,"548 West 48th Street, New York, NY 10036, United States of America"
Ink 48 Hotel,New York,10036,653,11th Avenue,New York,Ink 48 Hotel,"653 11th Avenue, New York, NY 10036, United States of America"
Washington Jefferson Hotel,New York,10019,318,West 51st Street,New York,Washington Jefferson Hotel,"318 West 51st Street, New York, NY 10019, United States of America"
Courtyard,New York,10035,N/A,3rd Avenue,New York,Courtyard,"3rd Avenue, New York, NY 10035, United States of America"
The Manhattan at Times Square Hotel,New York,10019,N/A,West 51st Street,New York,The Manhattan at Times Square Hotel,"West 51st Street, New York, NY 10019, United States of America"
Skyline Hotel,New York,10019,725,10th Avenue,New York,Skyline Hotel,"725 10th Avenue, New York, NY 10019, United States of America"
New York Moore Hostel,New York,11206,179,Moore Street,New York,New York Moore Hostel,"179 Moore Street, New York, NY 11206, United States of America"
Brooklyn Way Hotel Prospect Park,New York,11232,764,4th Avenue,New York,Brooklyn Way Hotel Prospect Park,"764 4th Avenue, New York, NY 11232, United States of America"
Baccarat Hotel & Residences,New York,10019,20,West 53rd Street,New York,Baccarat Hotel & Residences,"20 West 53rd Street, New York, NY 10019, United States of America"
Hampton,New York,10019,851,8th Avenue,New York,Hampton,"851 8th Avenue, New York, NY 10019, United States of America"
Sheraton New York Times Square Hotel,New York,10019,N/A,7th Avenue,New York,Sheraton New York Times Square Hotel,"7th Avenue, New York, NY 10019, United States of America"
Skyway Motel,Jersey City,07047,N/A,Tonnelle Avenue,New Jersey,Skyway Motel,"Tonnelle Avenue, Jersey City, NJ 07047, United States of America"
Hilton New York Midtown,New York,10019,1335,6th Avenue,New York,Hilton New York Midtown,"1335 6th Avenue, New York, NY 10019, United States of America"
The Brooklyn Hotel,New York,11216,1199,Atlantic Avenue,New York,The Brooklyn Hotel,"1199 Atlantic Avenue, New York, NY 11216, United States of America"
Warwick Hotel,New York,10019,65,West 54th Street,New York,Warwick Hotel,"65 West 54th Street, New York, NY 10019, United States of America"
"The Carvi Hotel New York, Ascend Hotel Collection",New York,10022,152,East 55th Street,New York,"The Carvi Hotel New York, Ascend Hotel Collection","152 East 55th Street, New York, NY 10022, United States of America"
The Peninsula New York,New York,10035,N/A,5th Avenue,New York,The Peninsula New York,"5th Avenue, New York, NY 10035, United States of America"
Conrad New York Midtown,New York,10019,151,West 54th Street,New York,Conrad New York Midtown,"151 West 54th Street, New York, NY 10019, United States of America"
adour alan ducasse,New York,10022,16,East 55th Street,New York,adour alan ducasse,"16 East 55th Street, New York, NY 10022, United States of America"
St Regis New York,New York,10022,2,East 55th Street,New York,St Regis New York,"2 East 55th Street, New York, NY 10022, United States of America"
Liberty View Brooklyn Hotel,New York,11232,826,4th Avenue,New York,Liberty View Brooklyn Hotel,"826 4th Avenue, New York, NY 11232, United States of America"
Ameritania at Times Square,New York,10019,230,West 54th Street,New York,Ameritania at Times Square,"230 West 54th Street, New York, NY 10019, United States of America"
Concorde Hotel,New York,10022,127,East 55th Street,New York,Concorde Hotel,"127 East 55th Street, New York, NY 10022, United States of America"
La Quinta,New York,11216,1229,Atlantic Avenue,New York,La Quinta,"1229 Atlantic Avenue, New York, NY 11216, United States of America"
Rodeway Inn,Jersey City,07307,459,Tonnelle Avenue,New Jersey,Rodeway Inn,"459 Tonnelle Avenue, Jersey City, NJ 07307, United States of America"
Hilton Garden Inn,New York,10019,237,West 54th Street,New York,Hilton Garden Inn,"237 West 54th Street, New York, NY 10019, United States of America"
Residence Inn New York Manhattan / Central Park,New York,10019,N/A,West 54th Street,New York,Residence Inn New York Manhattan / Central Park,"West 54th Street, New York, NY 10019, United States of America"
Dream Midtown,New York,10019,210,West 55th Street,New York,Dream Midtown,"210 West 55th Street, New York, NY 10019, United States of America"
Broadway Hotel,New York,11206,1090,Myrtle Avenue,New York,Broadway Hotel,"1090 Myrtle Avenue, New York, NY 11206, United States of America"
AKA Sutton Place,New York,10022,330,East 56th Street,New York,AKA Sutton Place,"330 East 56th Street, New York, NY 10022, United States of America"
Park Central Hotel,New York,10019,860,7th Avenue,New York,Park Central Hotel,"860 7th Avenue, New York, NY 10019, United States of America"
Lombardy Hotel,New York,10022,111,East 56th Street,New York,Lombardy Hotel,"111 East 56th Street, New York, NY 10022, United States of America"
GLo Best Western Brooklyn,New York,11232,850,4th Avenue,New York,GLo Best Western Brooklyn,"850 4th Avenue, New York, NY 11232, United States of America"
Wyndham Garden,New York,11101,44-29,9th Street,New York,Wyndham Garden,"44-29 9th Street, New York, NY 11101, United States of America"
Hotel 57,New York,10022,130,East 57th Street,New York,Hotel 57,"130 East 57th Street, New York, NY 10022, United States of America"
Chambers Hotel,New York,10019,15,West 56th Street,New York,Chambers Hotel,"15 West 56th Street, New York, NY 10019, United States of America"
Fitzpatrick,New York,10022,687,Lexington Avenue,New York,Fitzpatrick,"687 Lexington Avenue, New York, NY 10022, United States of America"
Thompson Central Park New York,New York,10019,119,West 56th Street,New York,Thompson Central Park New York,"119 West 56th Street, New York, NY 10019, United States of America"
L Hotel,New York,11232,135,32nd Street,New York,L Hotel,"135 32nd Street, New York, NY 11232, United States of America"
Da Vinci Hotel,New York,10019,244,West 56th Street,New York,Da Vinci Hotel,"244 West 56th Street, New York, NY 10019, United States of America"
Best Western,New York,11216,1324,Atlantic Avenue,New York,Best Western,"1324 Atlantic Avenue, New York, NY 11216, United States of America"
New York Loft Hostel,New York,11206,249,Varet Street,New York,New York Loft Hostel,"249 Varet Street, New York, NY 11206, United States of America"
Jazz on Columbus Circle Hostel,New York,10019,940,8th Avenue,New York,Jazz on Columbus Circle Hostel,"940 8th Avenue, New York, NY 10019, United States of America"
West 57th Street,New York,10019,102,West 57th Street,New York,West 57th Street,"102 West 57th Street, New York, NY 10019, United States of America"
"Le Meridien New York, Central Park",New York,10019,120,West 57th Street,New York,"Le Meridien New York, Central Park","120 West 57th Street, New York, NY 10019, United States of America"
Four Seasons Hotel,New York,10022,57,East 57th Street,New York,Four Seasons Hotel,"57 East 57th Street, New York, NY 10022, United States of America"
Stonehenge 57,New York,10022,400,East 57th Street,New York,Stonehenge 57,"400 East 57th Street, New York, NY 10022, United States of America"
Hotel BPM,New York,11232,137,33rd Street,New York,Hotel BPM,"137 33rd Street, New York, NY 11232, United States of America"
The Quin,New York,10019,101,West 57th Street,New York,The Quin,"101 West 57th Street, New York, NY 10019, United States of America"
AKA Central Park,New York,10019,42,West 58th Street,New York,AKA Central Park,"42 West 58th Street, New York, NY 10019, United States of America"
"Hotel Bogart Street, Brooklyn",New York,11206,N/A,Bogart Street,New York,"Hotel Bogart Street, Brooklyn","Bogart Street, New York, NY 11206, United States of America"
Park Hyatt New York,New York,10019,153,West 57th Street,New York,Park Hyatt New York,"153 West 57th Street, New York, NY 10019, United States of America"
1 Hotel Central Park,New York,10019,1414,6th Avenue,New York,1 Hotel Central Park,"1414 6th Avenue, New York, NY 10019, United States of America"
Days Inn,Jersey City,07307,750,Tonnelle Avenue,New Jersey,Days Inn,"750 Tonnelle Avenue, Jersey City, NJ 07307, United States of America"
The Plaza,New York,10019,768,5th Avenue,New York,The Plaza,"768 5th Avenue, New York, NY 10019, United States of America"
Park Lane Hotel,New York,10019,36,Central Park South,New York,Park Lane Hotel,"36 Central Park South, New York, NY 10019, United States of America"
The Ritz-Carlton,New York,10019,50,Central Park South,New York,The Ritz-Carlton,"50 Central Park South, New York, NY 10019, United States of America"
The Watson Hotel,New York,10019,440,West 57th Street,New York,The Watson Hotel,"440 West 57th Street, New York, NY 10019, United States of America"
The Brooklyn Riviera Hostel,New York,11216,781,Prospect Place,New York,The Brooklyn Riviera Hostel,"781 Prospect Place, New York, NY 11216, United States of America"
JW Marriott Essex House,New York,10019,160,Central Park South,New York,JW Marriott Essex House,"160 Central Park South, New York, NY 10019, United States of America"
6 Columbus,New York,10019,308,West 58th Street,New York,6 Columbus,"308 West 58th Street, New York, NY 10019, United States of America"
Sherry Netherlands,New York,10022,N/A,East 59th Street,New York,Sherry Netherlands,"East 59th Street, New York, NY 10022, United States of America"
The Local NY,New York,11101,N/A,44th Avenue,New York,The Local NY,"44th Avenue, New York, NY 11101, United States of America"
Fairfield Inn Long Island City/Manhattan View,New York,11101,52-34,Van Dam Street,New York,Fairfield Inn Long Island City/Manhattan View,"52-34 Van Dam Street, New York, NY 11101, United States of America"
LIC Hotel,New York,11101,44-02,21st Street,New York,LIC Hotel,"44-02 21st Street, New York, NY 11101, United States of America"
Graduate Roosevelt Island,New York,10044,22,North Loop Road,New York,Graduate Roosevelt Island,"22 North Loop Road, New York, NY 10044, United States of America"
The Pierre,New York,10021,N/A,East 61st Street,New York,The Pierre,"East 61st Street, New York, NY 10021, United States of America"
Comfort Inn,New York,11232,353,38th Street,New York,Comfort Inn,"353 38th Street, New York, NY 11232, United States of America"
Feather Factory Hotel,New York,11101,26-32,Skillman Avenue,New York,Feather Factory Hotel,"26-32 Skillman Avenue, New York, NY 11101, United States of America"
Fairfield Inn & Suites by Marriott New York Manhattan/Central Park,New York,10019,534,West 58th Street,New York,Fairfield Inn & Suites by Marriott New York Manhattan/Central Park,"534 West 58th Street, New York, NY 10019, United States of America"
Mandarin Oriental,New York,10023,80,Columbus Circle,New York,Mandarin Oriental,"80 Columbus Circle, New York, NY 10023, United States of America"
Z NYC Hotel,New York,11101,11-01,11th Street,New York,Z NYC Hotel,"11-01 11th Street, New York, NY 11101, United States of America"
Trump International Hotel and Tower,New York,10023,1,Central Park West,New York,Trump International Hotel and Tower,"1 Central Park West, New York, NY 10023, United States of America"
The Palladin,New York,10062,N/A,East 62nd Street,New York,The Palladin,"East 62nd Street, New York, NY 10062, United States of America"
City View Inn,New York,11101,3317,Greenpoint Avenue,New York,City View Inn,"3317 Greenpoint Avenue, New York, NY 11101, United States of America"
Ravel Hotel,New York,11101,8-08,Queens Plaza South,New York,Ravel Hotel,"8-08 Queens Plaza South, New York, NY 11101, United States of America"
N/A,New York,10037,692,Madison Avenue,New York,692 Madison Avenue,"New York, NY 10037, United States of America"
N/A,New York,10037,692,Madison Avenue,New York,692 Madison Avenue,"New York, NY 10037, United States of America"
She-Fah Hotel,Union City,07087,N/A,29th Street,New Jersey,She-Fah Hotel,"29th Street, Union City, NJ 07087, United States of America"
The Bentley Hotel,New York,10065,500,East 62nd Street,New York,The Bentley Hotel,"500 East 62nd Street, New York, NY 10065, United States of America"
N/A,North Bergen,07087,1631,John F. Kennedy Boulevard,New Jersey,1631 John F. Kennedy Boulevard,"North Bergen, NJ 07087, United States of America"
Quality Suites Nyc Gateway,North Bergen,07047,1200,Tonnelle Avenue,New Jersey,Quality Suites Nyc Gateway,"1200 Tonnelle Avenue, North Bergen, NJ 07047, United States of America"
Hyatt Place,New York,11101,27-03,43rd Avenue,New York,Hyatt Place,"27-03 43rd Avenue, New York, NY 11101, United States of America"
Days Inn,New York,11232,437,39th Street,New York,Days Inn,"437 39th Street, New York, NY 11232, United States of America"
Wyndham Garden,New York,11232,457,39th Street,New York,Wyndham Garden,"457 39th Street, New York, NY 11232, United States of America"
Plaza Athénée,New York,10065,37,East 64th Street,New York,Plaza Athénée,"37 East 64th Street, New York, NY 10065, United States of America"
The Empire Hotel,New York,10023,44,West 63rd Street,New York,The Empire Hotel,"44 West 63rd Street, New York, NY 10023, United States of America"
The Gardens Sonesta ES Suites New York,New York,10065,215,East 64th Street,New York,Gardens Suites Hotel by Affinia,"215 East 64th Street, New York, NY 10065, United States of America"
West Side YMCA,New York,10023,N/A,West 63rd Street,New York,West Side YMCA,"West 63rd Street, New York, NY 10023, United States of America"
Phoenix Hotel,New York,11232,517,39th Street,New York,Phoenix Hotel,"517 39th Street, New York, NY 11232, United States of America"
Aloft Long Island City,New York,11101,N/A,Jackson Avenue,New York,Aloft Long Island City,"Jackson Avenue, New York, NY 11101, United States of America"
Red Lion Inn & Suites,New York,11101,42-24,Crescent Street,New York,Red Lion Inn & Suites,"42-24 Crescent Street, New York, NY 11101, United States of America"
Quality Inn,New York,11220,4410,3rd Avenue,New York,Quality Inn,"4410 3rd Avenue, New York, NY 11220, United States of America"
The Vue Hotel Express,New York,11232,N/A,39th Street,New York,The Vue Hotel Express,"39th Street, New York, NY 11232, United States of America"
Hotel 21,New York,11101,41-03,21st Street,New York,Hotel 21,"41-03 21st Street, New York, NY 11101, United States of America"
Days Inn,New York,11101,3136,Queens Boulevard,New York,Days Inn,"3136 Queens Boulevard, New York, NY 11101, United States of America"
King Hotel,New York,11232,646,39th Street,New York,King Hotel,"646 39th Street, New York, NY 11232, United States of America"
The Vue Hotel,New York,11101,40-47,22nd Street,New York,The Vue Hotel,"40-47 22nd Street, New York, NY 11101, United States of America"
Q4 hotel,New York,11101,N/A,Queens Plaza North,New York,Q4 hotel,"Queens Plaza North, New York, NY 11101, United States of America"
Courtyard,New York,11101,29-15,Queens Plaza North,New York,Courtyard,"29-15 Queens Plaza North, New York, NY 11101, United States of America"
EnVue,Weehawken,07086,550,Avenue at Port Imperial,New Jersey,EnVue,"550 Avenue at Port Imperial, Weehawken, NJ 07086, United States of America"
Hilton Garden Inn,New York,11101,29-21,41st Avenue,New York,Hilton Garden Inn,"29-21 41st Avenue, New York, NY 11101, United States of America"
N/A,New York,11101,40-30,Crescent Street,New York,40-30 Crescent Street,"New York, NY 11101, United States of America"
Wingate by Wyndham Long Island City,New York,11101,N/A,12th Street,New York,Wingate by Wyndham Long Island City,"12th Street, New York, NY 11101, United States of America"
Country Inn & Suites by Carlson,New York,11101,40-34,Crescent Street,New York,Country Inn & Suites by Carlson,"40-34 Crescent Street, New York, NY 11101, United States of America"
Mayflower Howard Johnson Hotel,New York,11101,N/A,12th Street,New York,Mayflower Howard Johnson Hotel,"12th Street, New York, NY 11101, United States of America"
