tranportation,city,postcode,housenumber,street,state,address1,address2
Brooklyn Bridge–City Hall,New York,10000,N/A,Centre Street,New York,Brooklyn Bridge–City Hall,"Centre Street, New York, NY 10000, United States of America"
City Hall,New York,10003,N/A,Broadway,New York,City Hall,"Broadway, New York, NY 10003, United States of America"
Park Row & Spruce Street,New York,10007,N/A,Park Row,New York,Park Row & Spruce Street,"Park Row, New York, NY 10007, United States of America"
Park Row & Spruce Street,New York,10000,N/A,Park Row,New York,Park Row & Spruce Street,"Park Row, New York, NY 10000, United States of America"
Chambers Street & Broadway,New York,10000,N/A,Chambers Street,New York,Chambers Street & Broadway,"Chambers Street, New York, NY 10000, United States of America"
Park Row & Beekman Street,New York,10007,N/A,Park Row,New York,Park Row & Beekman Street,"Park Row, New York, NY 10007, United States of America"
Broadway & Murray Street,New York,10003,N/A,Broadway,New York,Broadway & Murray Street,"Broadway, New York, NY 10003, United States of America"
Broadway & Warren Street,New York,10003,N/A,Broadway,New York,Broadway & Warren Street,"Broadway, New York, NY 10003, United States of America"
Park Row & Spruce Street,New York,10000,N/A,Park Row,New York,Park Row & Spruce Street,"Park Row, New York, NY 10000, United States of America"
Broadway/Warren Street,New York,10003,N/A,Broadway,New York,Broadway/Warren Street,"Broadway, New York, NY 10003, United States of America"
Broadway & Park Place,New York,10007,N/A,Park Place,New York,Broadway & Park Place,"Park Place, New York, NY 10007, United States of America"
Broadway & Chambers Street,New York,10003,N/A,Broadway,New York,Broadway & Chambers Street,"Broadway, New York, NY 10003, United States of America"
Chambers Street–World Trade Center–Park Place–Cortlandt Street,New York,10000,N/A,Park Row,New York,Chambers Street–World Trade Center–Park Place–Cortlandt Street,"Park Row, New York, NY 10000, United States of America"
Chambers Street & Broadway,New York,10000,N/A,Chambers Street,New York,Chambers Street & Broadway,"Chambers Street, New York, NY 10000, United States of America"
Broadway & Park Place,New York,10279,N/A,Broadway,New York,Broadway & Park Place,"Broadway, New York, NY 10279, United States of America"
Chambers Street,New York,10000,N/A,Chambers Street,New York,Chambers Street,"New York, NY 10000, United States of America"
Broadway & Barclay Street,New York,10279,N/A,Broadway,New York,Broadway & Barclay Street,"Broadway, New York, NY 10279, United States of America"
Fulton Street,New York,10038,N/A,Dutch Street,New York,Fulton Street,"Dutch Street, New York, NY 10038, United States of America"
Broadway & Barclay Street,New York,10279,N/A,Broadway,New York,Broadway & Barclay Street,"Broadway, New York, NY 10279, United States of America"
Warren Street & Church Street,New York,10007,N/A,Warren Street,New York,Warren Street & Church Street,"Warren Street, New York, NY 10007, United States of America"
Broadway & Reade Street,New York,10003,N/A,Broadway,New York,Broadway & Reade Street,"Broadway, New York, NY 10003, United States of America"
Chambers Street & Church Street,New York,10007,N/A,Chambers Street,New York,Chambers Street & Church Street,"Chambers Street, New York, NY 10007, United States of America"
Church Street & Warren Street,New York,10013,N/A,Church Street,New York,Church Street & Warren Street,"Church Street, New York, NY 10013, United States of America"
Park Place,New York,10007,N/A,Park Place,New York,Park Place,"New York, NY 10007, United States of America"
Chambers Street & Church Street,New York,10007,N/A,Chambers Street,New York,Chambers Street & Church Street,"Chambers Street, New York, NY 10007, United States of America"
Chambers Street,New York,10013,N/A,Church Street,New York,Chambers Street,"Church Street, New York, NY 10013, United States of America"
Broadway & Vesey Street,New York,10279,N/A,Broadway,New York,Broadway & Vesey Street,"Broadway, New York, NY 10279, United States of America"
Church Street & Chambers Street,New York,10013,N/A,Church Street,New York,Church Street & Chambers Street,"Church Street, New York, NY 10013, United States of America"
Murray Street & Church Street,New York,10007,N/A,Murray Street,New York,Murray Street & Church Street,"Murray Street, New York, NY 10007, United States of America"
Broadway & Thomas Street,New York,10003,N/A,Broadway,New York,Broadway & Thomas Street,"Broadway, New York, NY 10003, United States of America"
Fulton Street,New York,10038,N/A,Nassau Street,New York,Fulton Street,"Nassau Street, New York, NY 10038, United States of America"
Fulton Street,New York,10038,N/A,Fulton Street,New York,Fulton Street,"New York, NY 10038, United States of America"
Church Street & Vesey Street,New York,10013,N/A,Church Street,New York,Church Street & Vesey Street,"Church Street, New York, NY 10013, United States of America"
World Trade Center,New York,10013,N/A,Church Street,New York,World Trade Center,"Church Street, New York, NY 10013, United States of America"
Broadway & Thomas Street,New York,10003,N/A,Broadway,New York,Broadway & Thomas Street,"Broadway, New York, NY 10003, United States of America"
Chambers Street & West Broadway,New York,10007,N/A,Chambers Street,New York,Chambers Street & West Broadway,"Chambers Street, New York, NY 10007, United States of America"
Fulton Street,New York,10038,N/A,William Street,New York,Fulton Street,"William Street, New York, NY 10038, United States of America"
Broadway & Worth Street,New York,10003,N/A,Broadway,New York,Broadway & Worth Street,"Broadway, New York, NY 10003, United States of America"
Fulton Street,New York,10003,N/A,Broadway,New York,Fulton Street,"Broadway, New York, NY 10003, United States of America"
Chambers Street,New York,10012,N/A,West Broadway,New York,Chambers Street,"West Broadway, New York, NY 10012, United States of America"
Church Street & Worth Street,New York,10013,N/A,Church Street,New York,Church Street & Worth Street,"Church Street, New York, NY 10013, United States of America"
Broadway & Cortlandt Street,New York,10003,N/A,Broadway,New York,Broadway & Cortlandt Street,"Broadway, New York, NY 10003, United States of America"
Church Street/Cortland Street,New York,10013,N/A,Church Street,New York,Church Street/Cortland Street,"Church Street, New York, NY 10013, United States of America"
Cortlandt Street,New York,10013,N/A,Church Street,New York,Cortlandt Street,"Church Street, New York, NY 10013, United States of America"
Saint James Place & Robert F Wagner Place,New York,10038,N/A,Pearl Street,New York,Saint James Place & Robert F Wagner Place,"Pearl Street, New York, NY 10038, United States of America"
Church Street/Cortland Street,New York,10013,N/A,Church Street,New York,Church Street/Cortland Street,"Church Street, New York, NY 10013, United States of America"
Frankfort Street & Pearl Street,New York,10038,N/A,Frankfort Street,New York,Frankfort Street & Pearl Street,"Frankfort Street, New York, NY 10038, United States of America"
Pearl Street & Frankfort Street,New York,10038,N/A,Pearl Street,New York,Pearl Street & Frankfort Street,"Pearl Street, New York, NY 10038, United States of America"
Saint James Place & Robert F Wagner Place,New York,10038,N/A,Pearl Street,New York,Saint James Place & Robert F Wagner Place,"Pearl Street, New York, NY 10038, United States of America"
Pearl Street & Peck Slip,New York,10038,N/A,Pearl Street,New York,Pearl Street & Peck Slip,"Pearl Street, New York, NY 10038, United States of America"
Chambers Street & Greenwich Street,New York,10007,N/A,Chambers Street,New York,Chambers Street & Greenwich Street,"Chambers Street, New York, NY 10007, United States of America"
Pearl Street & Peck Slip,New York,10038,N/A,Pearl Street,New York,Pearl Street & Peck Slip,"Pearl Street, New York, NY 10038, United States of America"
Church Street & Liberty Street,New York,10006,N/A,Church Street,New York,Church Street & Liberty Street,"Church Street, New York, NY 10006, United States of America"
Church Street/Liberty Street,New York,10006,N/A,Church Street,New York,Church Street/Liberty Street,"Church Street, New York, NY 10006, United States of America"
World Trade Center,New York,10007,180,Greenwich Street,New York,World Trade Center,"180 Greenwich Street, New York, NY 10007, United States of America"
WTC Cortlandt,New York,10048,N/A,Greenwich Street,New York,WTC Cortlandt,"Greenwich Street, New York, NY 10048, United States of America"
Madison Street & Saint James Place,New York,10038,N/A,Madison Street,New York,Madison Street & Saint James Place,"Madison Street, New York, NY 10038, United States of America"
Pearl St & Fulton St,New York,10038,N/A,Pearl Street,New York,Pearl St & Fulton St,"Pearl Street, New York, NY 10038, United States of America"
Broadway & Franklin Street,New York,10003,N/A,Broadway,New York,Broadway & Franklin Street,"Broadway, New York, NY 10003, United States of America"
Pearl St & Fulton St,New York,10038,N/A,Pearl Street,New York,Pearl St & Fulton St,"Pearl Street, New York, NY 10038, United States of America"
Worth Street & Mott Street,New York,10007,N/A,Park Row,New York,Worth Street & Mott Street,"Park Row, New York, NY 10007, United States of America"
Chambers Street & Greenwich Street,New York,10282,N/A,Chambers Street,New York,Chambers Street & Greenwich Street,"Chambers Street, New York, NY 10282, United States of America"
Broadway & Thames Street,New York,10006,N/A,Thames Street,New York,Broadway & Thames Street,"Thames Street, New York, NY 10006, United States of America"
Broadway & White Street,New York,10003,N/A,Broadway,New York,Broadway & White Street,"Broadway, New York, NY 10003, United States of America"
Madison Street & Oliver Street,New York,10038,N/A,Madison Street,New York,Madison Street & Oliver Street,"Madison Street, New York, NY 10038, United States of America"
Broadway & Walker Street,New York,10003,N/A,Broadway,New York,Broadway & Walker Street,"Broadway, New York, NY 10003, United States of America"
Franklin Street,New York,10014,N/A,Varick Street,New York,Franklin Street,"Varick Street, New York, NY 10014, United States of America"
Wall Street,New York,10003,N/A,Broadway,New York,Wall Street,"Broadway, New York, NY 10003, United States of America"
East Broadway & Catherine Street,New York,10002,N/A,East Broadway,New York,East Broadway & Catherine Street,"East Broadway, New York, NY 10002, United States of America"
Trinity Place & Thames Street,New York,10006,N/A,Trinity Place,New York,Trinity Place & Thames Street,"Trinity Place, New York, NY 10006, United States of America"
Wall Street,New York,10038,N/A,William Street,New York,Wall Street,"William Street, New York, NY 10038, United States of America"
Broadway & Walker Street,New York,10003,N/A,Broadway,New York,Broadway & Walker Street,"Broadway, New York, NY 10003, United States of America"
East Broadway & Catherine Street,New York,10278,N/A,Catherine Street,New York,East Broadway & Catherine Street,"Catherine Street, New York, NY 10278, United States of America"
Madison Street & Catherine Street,New York,10002,N/A,Madison Street,New York,Madison Street & Catherine Street,"Madison Street, New York, NY 10002, United States of America"
Varick Street & North Moore Street,New York,10014,N/A,Varick Street,New York,Varick Street & North Moore Street,"Varick Street, New York, NY 10014, United States of America"
West Street & Chambers Street,New York,10282,N/A,West Street,New York,West Street & Chambers Street,"West Street, New York, NY 10282, United States of America"
Madison Street & Catherine Street,New York,10038,N/A,Madison Street,New York,Madison Street & Catherine Street,"Madison Street, New York, NY 10038, United States of America"
Trinity Place/Rector Street,New York,10006,N/A,Trinity Place,New York,Trinity Place/Rector Street,"Trinity Place, New York, NY 10006, United States of America"
Broadway & Rector Street,New York,10003,N/A,Broadway,New York,Broadway & Rector Street,"Broadway, New York, NY 10003, United States of America"
Chinatowns Communter Van,New York,10002,N/A,Division Street,New York,Chinatowns Communter Van,"Division Street, New York, NY 10002, United States of America"
Trinity Place & Rector Street,New York,10006,N/A,Trinity Place,New York,Trinity Place & Rector Street,"Trinity Place, New York, NY 10006, United States of America"
Canal Street,New York,10013,N/A,Centre Street,New York,Canal Street,"Centre Street, New York, NY 10013, United States of America"
Canal Street,New York,10013,N/A,Canal Street,New York,Canal Street,"New York, NY 10013, United States of America"
Canal Street,New York,10013,N/A,Lafayette Street,New York,Canal Street,"Lafayette Street, New York, NY 10013, United States of America"
N/A,New York,10013,N/A,Walker Street,New York,Walker Street,"New York, NY 10013, United States of America"
Harrison Street & West Street,New York,10013,N/A,Harrison Street,New York,Harrison Street & West Street,"Harrison Street, New York, NY 10013, United States of America"
Hudson Street & North Moore Street,New York,10014,N/A,Hudson Street,New York,Hudson Street & North Moore Street,"Hudson Street, New York, NY 10014, United States of America"
Broad Street,New York,10004,N/A,Broad Street,New York,Broad Street,"New York, NY 10004, United States of America"
Broadway and Exchange Alley,New York,10003,N/A,Broadway,New York,Broadway and Exchange Alley,"Broadway, New York, NY 10003, United States of America"
Water Street & Wall Street,New York,10004,N/A,Water Street,New York,Water Street & Wall Street,"Water Street, New York, NY 10004, United States of America"
Canal Street,New York,10003,N/A,Broadway,New York,Canal Street,"Broadway, New York, NY 10003, United States of America"
Murray Street & North End Avenue,New York,10282,N/A,Murray Street,New York,Murray Street & North End Avenue,"Murray Street, New York, NY 10282, United States of America"
Trinity Place/Exchange Alley,New York,10006,N/A,Trinity Place,New York,Trinity Place/Exchange Alley,"Trinity Place, New York, NY 10006, United States of America"
Water Street & Wall Street,New York,10004,N/A,Water Street,New York,Water Street & Wall Street,"Water Street, New York, NY 10004, United States of America"
South End Avenue & Gateway Plaza,New York,10280,N/A,South End Avenue,New York,South End Avenue & Gateway Plaza,"South End Avenue, New York, NY 10280, United States of America"
Rector Street,New York,10006,N/A,Trinity Place,New York,Rector Street,"Trinity Place, New York, NY 10006, United States of America"
Rector Street,New York,10006,N/A,Greenwich Street,New York,Rector Street,"Greenwich Street, New York, NY 10006, United States of America"
South End Avenue & Gateway Plaza,New York,10280,N/A,South End Avenue,New York,South End Avenue & Gateway Plaza,"South End Avenue, New York, NY 10280, United States of America"
6th Avenue & York Street,New York,10019,N/A,6th Avenue,New York,6th Avenue & York Street,"6th Avenue, New York, NY 10019, United States of America"
Madison St & Market St,New York,10002,N/A,Madison Street,New York,Madison St & Market St,"Madison Street, New York, NY 10002, United States of America"
Broadway and Grand Street,New York,10003,N/A,Broadway,New York,Broadway and Grand Street,"Broadway, New York, NY 10003, United States of America"
Broadway & Grand Street,New York,10003,N/A,Broadway,New York,Broadway & Grand Street,"Broadway, New York, NY 10003, United States of America"
Water Street & Old Slip,New York,10004,N/A,Water Street,New York,Water Street & Old Slip,"Water Street, New York, NY 10004, United States of America"
Canal Street,New York,10005,N/A,Canal Street,New York,Canal Street,"New York, NY 10005, United States of America"
51 Chrystie St,New York,10002,N/A,Chrystie Street,New York,51 Chrystie St,"Chrystie Street, New York, NY 10002, United States of America"
East Broadway & Forsyth Street,New York,11201,N/A,Manhattan Bridge,New York,East Broadway & Forsyth Street,"Manhattan Bridge, New York, NY 11201, United States of America"
Madison Street & Market Street,New York,10002,N/A,Madison Street,New York,Madison Street & Market Street,"Madison Street, New York, NY 10002, United States of America"
Brookfield Place / Battery Park City Ferry Terminal,New York,10285,N/A,Battery Park City Greenway,New York,Brookfield Place / Battery Park City Ferry Terminal,"Battery Park City Greenway, New York, NY 10285, United States of America"
bus,New York,10002,87,Bowery,New York,bus,"87 Bowery, New York, NY 10002, United States of America"
Water Street & Hanover Square,New York,10004,N/A,Water Street,New York,Water Street & Hanover Square,"Water Street, New York, NY 10004, United States of America"
IKEA Ferry,New York,10041,N/A,Pier 11,New York,IKEA Ferry,"Pier 11, New York, NY 10041, United States of America"
Centre Street & Grand Street,New York,10013,N/A,Centre Street,New York,Centre Street & Grand Street,"Centre Street, New York, NY 10013, United States of America"
Bowery & Hester Street,New York,10012,N/A,Bowery,New York,Bowery & Hester Street,"Bowery, New York, NY 10012, United States of America"
West Thames Street & South End Avenue,New York,10280,N/A,West Thames Street,New York,West Thames Street & South End Avenue,"West Thames Street, New York, NY 10280, United States of America"
West Thames Street & South End Avenue,New York,10280,N/A,West Thames Street,New York,West Thames Street & South End Avenue,"West Thames Street, New York, NY 10280, United States of America"
Battery Place & 3rd Place,New York,10280,N/A,Battery Place,New York,Battery Place & 3rd Place,"Battery Place, New York, NY 10280, United States of America"
6th Avenue & Thompson Street,New York,10019,N/A,6th Avenue,New York,6th Avenue & Thompson Street,"6th Avenue, New York, NY 10019, United States of America"
Canal Street,New York,10005,N/A,Canal Street,New York,Canal Street,"New York, NY 10005, United States of America"
Bowery & Grand Street,New York,10012,N/A,Bowery,New York,Bowery & Grand Street,"Bowery, New York, NY 10012, United States of America"
Broadway & Broome Street,New York,10003,N/A,Broadway,New York,Broadway & Broome Street,"Broadway, New York, NY 10003, United States of America"
Broadway & Battery Place,New York,10275,N/A,Broadway,New York,Broadway & Battery Place,"Broadway, New York, NY 10275, United States of America"
Pike Street & Madison Street,New York,10002,N/A,Pike Street,New York,Pike Street & Madison Street,"Pike Street, New York, NY 10002, United States of America"
Battery Place & 3rd Place,New York,10280,N/A,Battery Place,New York,Battery Place & 3rd Place,"Battery Place, New York, NY 10280, United States of America"
Greenwich Street at Battery Place,New York,10275,N/A,Battery Place,New York,Greenwich Street at Battery Place,"Battery Place, New York, NY 10275, United States of America"
Bowling Green,New York,10275,N/A,Battery Place,New York,Bowling Green,"Battery Place, New York, NY 10275, United States of America"
Pier 11/Wall Street Terminal,New York,10041,N/A,Pier 11,New York,Pier 11/Wall Street Terminal,"Pier 11, New York, NY 10041, United States of America"
Pike Street & Division Street,New York,10002,N/A,Pike Street,New York,Pike Street & Division Street,"Pike Street, New York, NY 10002, United States of America"
Black Deagon Bus Station,New York,10002,5,Pike Street,New York,Black Deagon Bus Station,"5 Pike Street, New York, NY 10002, United States of America"
East Broadway & Pike Street,New York,10002,N/A,East Broadway,New York,East Broadway & Pike Street,"East Broadway, New York, NY 10002, United States of America"
6th Avenue & Grand Street,New York,10019,N/A,6th Avenue,New York,6th Avenue & Grand Street,"6th Avenue, New York, NY 10019, United States of America"
Bowery & Grand Street,New York,10012,N/A,Bowery,New York,Bowery & Grand Street,"Bowery, New York, NY 10012, United States of America"
Water St & Broad St,New York,10004,N/A,Water Street,New York,Water St & Broad St,"Water Street, New York, NY 10004, United States of America"
Madison Street & Pike Street,New York,10002,N/A,Madison Street,New York,Madison Street & Pike Street,"Madison Street, New York, NY 10002, United States of America"
Varick Street & Watts Street,New York,10005,N/A,Varick Street,New York,Varick Street & Watts Street,"Varick Street, New York, NY 10005, United States of America"
Madison Street & Pike Street,New York,10002,N/A,Madison Street,New York,Madison Street & Pike Street,"Madison Street, New York, NY 10002, United States of America"
Grand Street,New York,10002,N/A,Grand Street,New York,Grand Street,"New York, NY 10002, United States of America"
East Broadway & Pike Street,New York,10002,N/A,East Broadway,New York,East Broadway & Pike Street,"East Broadway, New York, NY 10002, United States of America"
Battery Place & Washington Street,New York,10280,N/A,Battery Place,New York,Battery Place & Washington Street,"Battery Place, New York, NY 10280, United States of America"
FlixBus NYC 28 Allen St.,New York,10002,N/A,Allen Street,New York,FlixBus NYC 28 Allen St.,"Allen Street, New York, NY 10002, United States of America"
Whitehall Street–South Ferry,New York,10004,N/A,Whitehall Street,New York,Whitehall Street–South Ferry,"Whitehall Street, New York, NY 10004, United States of America"
Broad Street & Water Street,New York,10004,N/A,Broad Street,New York,Broad Street & Water Street,"Broad Street, New York, NY 10004, United States of America"
Allen Street & Hester Street,New York,10002,N/A,Allen Street,New York,Allen Street & Hester Street,"Allen Street, New York, NY 10002, United States of America"
Broadway & Spring Street,New York,10003,N/A,Broadway,New York,Broadway & Spring Street,"Broadway, New York, NY 10003, United States of America"
State Street & Bridge Street,New York,10004,N/A,State Street,New York,State Street & Bridge Street,"State Street, New York, NY 10004, United States of America"
Bowery & Kenmare Street,New York,10012,N/A,Bowery,New York,Bowery & Kenmare Street,"Bowery, New York, NY 10012, United States of America"
Spring Street,New York,10012,N/A,Lafayette Street,New York,Spring Street,"Lafayette Street, New York, NY 10012, United States of America"
Battery Place & West Street,New York,10280,N/A,Battery Place,New York,Battery Place & West Street,"Battery Place, New York, NY 10280, United States of America"
East Broadway & Rutgers Street,New York,10002,N/A,East Broadway,New York,East Broadway & Rutgers Street,"East Broadway, New York, NY 10002, United States of America"
6th Avenue & Broome Street,New York,10005,N/A,6th Avenue,New York,6th Avenue & Broome Street,"6th Avenue, New York, NY 10005, United States of America"
Battery Place / West Street,New York,10280,N/A,Battery Park City Greenway,New York,Battery Place / West Street,"Battery Park City Greenway, New York, NY 10280, United States of America"
DUMBO/BBP Pier 1,New York,11201,N/A,Brooklyn Bridge Park Greenway,New York,DUMBO/BBP Pier 1,"Brooklyn Bridge Park Greenway, New York, NY 11201, United States of America"
Bowery,New York,10002,N/A,Delancey Street,New York,Bowery,"Delancey Street, New York, NY 10002, United States of America"
Rutgers Street & Canal Street,New York,10002,N/A,Rutgers Street,New York,Rutgers Street & Canal Street,"Rutgers Street, New York, NY 10002, United States of America"
South Street & Whitehall Street,New York,10038,N/A,South Street,New York,South Street & Whitehall Street,"South Street, New York, NY 10038, United States of America"
East Broadway,New York,10002,N/A,Rutgers Street,New York,East Broadway,"Rutgers Street, New York, NY 10002, United States of America"
Allen Street & Grand Street,New York,10002,N/A,Allen Street,New York,Allen Street & Grand Street,"Allen Street, New York, NY 10002, United States of America"
South Ferry/Terminal,New York,10004,N/A,Peter Minuit Plaza,New York,South Ferry/Terminal,"Peter Minuit Plaza, New York, NY 10004, United States of America"
Essex Street & Canal Street,New York,10002,N/A,Essex Street,New York,Essex Street & Canal Street,"Essex Street, New York, NY 10002, United States of America"
South St & Whitehall St,New York,10038,N/A,South Street,New York,South St & Whitehall St,"South Street, New York, NY 10038, United States of America"
South Ferry,New York,10004,N/A,Peter Minuit Plaza,New York,South Ferry,"Peter Minuit Plaza, New York, NY 10004, United States of America"
Allen Street & Grand Street,New York,10002,N/A,Allen Street,New York,Allen Street & Grand Street,"Allen Street, New York, NY 10002, United States of America"
Staten Island Ferry Whitehall Terminal,New York,10004,4,South Street,New York,Staten Island Ferry Whitehall Terminal,"4 South Street, New York, NY 10004, United States of America"
Broadway & Prince Street,New York,10003,N/A,Broadway,New York,Broadway & Prince Street,"Broadway, New York, NY 10003, United States of America"
Battery Maritime Building,New York,10004,N/A,East River Greenway,New York,Battery Maritime Building,"East River Greenway, New York, NY 10004, United States of America"
Statue Cruises,New York,10004,N/A,Battery Park Underpass,New York,Statue Cruises,"Battery Park Underpass, New York, NY 10004, United States of America"
South Ferry/Terminal,New York,10004,N/A,Peter Minuit Plaza,New York,South Ferry/Terminal,"Peter Minuit Plaza, New York, NY 10004, United States of America"
Spring Street,New York,10019,N/A,6th Avenue,New York,Spring Street,"6th Avenue, New York, NY 10019, United States of America"
N/A,New York,10013,N/A,Spring Street,New York,Spring Street,"New York, NY 10013, United States of America"
6th Avenue & Spring Street,New York,10012,N/A,6th Avenue,New York,6th Avenue & Spring Street,"6th Avenue, New York, NY 10012, United States of America"
Madison Street & Jefferson Street,New York,10002,N/A,Madison Street,New York,Madison Street & Jefferson Street,"Madison Street, New York, NY 10002, United States of America"
Battery Park,New York,10004,N/A,Battery Park Underpass,New York,Battery Park Underpass,"New York, NY 10004, United States of America"
Prince Street,New York,10003,N/A,Broadway,New York,Prince Street,"Broadway, New York, NY 10003, United States of America"
Spring Street & Greenwich Street,New York,10013,N/A,Spring Street,New York,Spring Street & Greenwich Street,"Spring Street, New York, NY 10013, United States of America"
Bowery and Prince Street,New York,10012,N/A,Bowery,New York,Bowery and Prince Street,"Bowery, New York, NY 10012, United States of America"
Hudson Street & Spring Street,New York,10014,N/A,Hudson Street,New York,Hudson Street & Spring Street,"Hudson Street, New York, NY 10014, United States of America"
Whitehall,New York,10004,N/A,Battery Park Underpass,New York,Whitehall,"Battery Park Underpass, New York, NY 10004, United States of America"
Madison Street & Jefferson Street,New York,10002,N/A,Madison Street,New York,Madison Street & Jefferson Street,"Madison Street, New York, NY 10002, United States of America"
Essex Street & Grand Street,New York,10002,N/A,Grand Street,New York,Essex Street & Grand Street,"Grand Street, New York, NY 10002, United States of America"
Allen Street & Delancey Street,New York,10002,N/A,Allen Street,New York,Allen Street & Delancey Street,"Allen Street, New York, NY 10002, United States of America"
Grand Street & Essex Street,New York,10002,N/A,Grand Street,New York,Grand Street & Essex Street,"Grand Street, New York, NY 10002, United States of America"
Essex Street & Grand Street,New York,10002,N/A,Essex Street,New York,Essex Street & Grand Street,"Essex Street, New York, NY 10002, United States of America"
Old Fulton Street & Elizabeth Place,New York,11201,N/A,Old Fulton Street,New York,Old Fulton Street & Elizabeth Place,"Old Fulton Street, New York, NY 11201, United States of America"
Broadway & West Houston Street,New York,10003,N/A,Broadway,New York,Broadway & West Houston Street,"Broadway, New York, NY 10003, United States of America"
Varick Street & Charlton Street,New York,10014,N/A,Varick Street,New York,Varick Street & Charlton Street,"Varick Street, New York, NY 10014, United States of America"
Allen Street & Delancey Street,New York,10002,N/A,Allen Street,New York,Allen Street & Delancey Street,"Allen Street, New York, NY 10002, United States of America"
Madison Street & Clinton Street,New York,10002,N/A,Madison Street,New York,Madison Street & Clinton Street,"Madison Street, New York, NY 10002, United States of America"
East Houston Street & Greene Street,New York,10014,N/A,West Houston Street,New York,East Houston Street & Greene Street,"West Houston Street, New York, NY 10014, United States of America"
East Houston Street & Broadway,New York,10012,N/A,East Houston Street,New York,East Houston Street & Broadway,"East Houston Street, New York, NY 10012, United States of America"
Delancey Street & Ludlow Street,New York,10002,N/A,Delancey Street,New York,Delancey Street & Ludlow Street,"Delancey Street, New York, NY 10002, United States of America"
Delancey Street & Essex Street,New York,10002,N/A,Delancey Street,New York,Delancey Street & Essex Street,"Delancey Street, New York, NY 10002, United States of America"
6th Avenue & Prince Street,New York,10019,N/A,6th Avenue,New York,6th Avenue & Prince Street,"6th Avenue, New York, NY 10019, United States of America"
Broadway–Lafayette Street,New York,10002,N/A,East Houston Street,New York,Broadway–Lafayette Street,"East Houston Street, New York, NY 10002, United States of America"
West Houston Street & Mercer Street,New York,10014,N/A,West Houston Street,New York,West Houston Street & Mercer Street,"West Houston Street, New York, NY 10014, United States of America"
East Houston Street & Mulberry Street,New York,10012,N/A,Mulberry Street,New York,East Houston Street & Mulberry Street,"Mulberry Street, New York, NY 10012, United States of America"
N/A,New York,10012,N/A,MacDougal Street,New York,MacDougal Street,"New York, NY 10012, United States of America"
Delancey Street,New York,10002,N/A,Delancey Street,New York,Delancey Street,"New York, NY 10002, United States of America"
West Houston Street & West Broadway,New York,10014,N/A,West Houston Street,New York,West Houston Street & West Broadway,"West Houston Street, New York, NY 10014, United States of America"
East Houston Street & Crosby Street,New York,10012,N/A,East Houston Street,New York,East Houston Street & Crosby Street,"East Houston Street, New York, NY 10012, United States of America"
East Houston Street and Mulberry Street,New York,10012,N/A,East Houston Street,New York,East Houston Street and Mulberry Street,"East Houston Street, New York, NY 10012, United States of America"
Madison Street & Clinton Street,New York,10002,N/A,Madison Street,New York,Madison Street & Clinton Street,"Madison Street, New York, NY 10002, United States of America"
West Houston Street & LaGuardia Place,New York,10014,N/A,West Houston Street,New York,West Houston Street & LaGuardia Place,"West Houston Street, New York, NY 10014, United States of America"
East Houston Street and Mulberry Street,New York,10002,N/A,East Houston Street,New York,East Houston Street and Mulberry Street,"East Houston Street, New York, NY 10002, United States of America"
Essex Street,New York,10002,N/A,Delancey Street,New York,Essex Street,"Delancey Street, New York, NY 10002, United States of America"
East Houston Street & Bowery,New York,10012,N/A,East Houston Street,New York,East Houston Street & Bowery,"East Houston Street, New York, NY 10012, United States of America"
East Houston Street & Bowery,New York,10002,N/A,East Houston Street,New York,East Houston Street & Bowery,"East Houston Street, New York, NY 10002, United States of America"
Broadway & Bleecker Street,New York,10003,N/A,Broadway,New York,Broadway & Bleecker Street,"Broadway, New York, NY 10003, United States of America"
West Houston Street & MacDougal Street,New York,10012,N/A,West Houston Street,New York,West Houston Street & MacDougal Street,"West Houston Street, New York, NY 10012, United States of America"
Essex Street & Rivington Street,New York,10002,N/A,Essex Street,New York,Essex Street & Rivington Street,"Essex Street, New York, NY 10002, United States of America"
Madison Street & Montgomery Street,New York,10002,N/A,Madison Street,New York,Madison Street & Montgomery Street,"Madison Street, New York, NY 10002, United States of America"
Bleecker Street,New York,10012,N/A,Bleecker Street,New York,Bleecker Street,"New York, NY 10012, United States of America"
East Houston Street & Forsyth Street,New York,10002,N/A,East Houston Street,New York,East Houston Street & Forsyth Street,"East Houston Street, New York, NY 10002, United States of America"
Houston Street,New York,10014,N/A,Varick Street,New York,Houston Street,"Varick Street, New York, NY 10014, United States of America"
Allen St & Stanton St,New York,10002,N/A,Allen Street,New York,Allen St & Stanton St,"Allen Street, New York, NY 10002, United States of America"
West Houston Street & Hudson Street,New York,10014,N/A,West Houston Street,New York,West Houston Street & Hudson Street,"West Houston Street, New York, NY 10014, United States of America"
6th Avenue & West Houston Street,New York,10014,N/A,6th Avenue,New York,6th Avenue & West Houston Street,"6th Avenue, New York, NY 10014, United States of America"
2nd Avenue,New York,10002,N/A,East Houston Street,New York,2nd Avenue,"East Houston Street, New York, NY 10002, United States of America"
Varick Street & Clarkson Street,New York,10014,N/A,Varick Street,New York,Varick Street & Clarkson Street,"Varick Street, New York, NY 10014, United States of America"
Allen Street & East Houston Street,New York,10002,N/A,Allen Street,New York,Allen Street & East Houston Street,"Allen Street, New York, NY 10002, United States of America"
Madison Street & Montgomery Street,New York,10002,N/A,Madison Street,New York,Madison Street & Montgomery Street,"Madison Street, New York, NY 10002, United States of America"
Hudson Street & West Houston Street,New York,10014,N/A,Hudson Street,New York,Hudson Street & West Houston Street,"Hudson Street, New York, NY 10014, United States of America"
Old Fulton Street & Prospect Street,New York,11201,N/A,Old Fulton Street,New York,Old Fulton Street & Prospect Street,"Old Fulton Street, New York, NY 11201, United States of America"
Grand Street & Samuel Dickstein Plaza,New York,10002,N/A,Grand Street,New York,Grand Street & Samuel Dickstein Plaza,"Grand Street, New York, NY 10002, United States of America"
Madison Street & Gouverneur Street,New York,10002,N/A,Madison Street,New York,Madison Street & Gouverneur Street,"Madison Street, New York, NY 10002, United States of America"
N/A,New York,10002,N/A,East Houston Street,New York,East Houston Street,"New York, NY 10002, United States of America"
Bowery & East 2nd Street,New York,10012,N/A,Bowery,New York,Bowery & East 2nd Street,"Bowery, New York, NY 10012, United States of America"
Bowery & Bond Street,New York,10012,N/A,Bowery,New York,Bowery & Bond Street,"Bowery, New York, NY 10012, United States of America"
Broadway & West 3rd Street,New York,10003,N/A,Broadway,New York,Broadway & West 3rd Street,"Broadway, New York, NY 10003, United States of America"
Avenue A & East Houston Street,New York,10002,N/A,Essex Street,New York,Avenue A & East Houston Street,"Essex Street, New York, NY 10002, United States of America"
Madison Street & Gouverneur Street,New York,10002,N/A,Madison Street,New York,Madison Street & Gouverneur Street,"Madison Street, New York, NY 10002, United States of America"
Cadman Plaza West & Middagh Street,New York,11201,N/A,Cadman Plaza West,New York,Cadman Plaza West & Middagh Street,"Cadman Plaza West, New York, NY 11201, United States of America"
1st Avenue & East 1st Street,New York,10002,N/A,1st Avenue,New York,1st Avenue & East 1st Street,"1st Avenue, New York, NY 10002, United States of America"
2nd Avenue & East 3rd Street,New York,10035,N/A,2nd Avenue,New York,2nd Avenue & East 3rd Street,"2nd Avenue, New York, NY 10035, United States of America"
High Street,New York,11201,N/A,Cadman Plaza West,New York,High Street,"Cadman Plaza West, New York, NY 11201, United States of America"
Grand Street & Willett Street,New York,10002,N/A,Grand Street,New York,Grand Street & Willett Street,"Grand Street, New York, NY 10002, United States of America"
Bowery & East 4th Street,New York,10012,N/A,Bowery,New York,Bowery & East 4th Street,"Bowery, New York, NY 10012, United States of America"
Cadman Plaza West @ Cadman Plaza Park,New York,11201,N/A,Cadman Plaza West,New York,Cadman Plaza West @ Cadman Plaza Park,"Cadman Plaza West, New York, NY 11201, United States of America"
Bowery & East 4th Street,New York,10012,N/A,Bowery,New York,Bowery & East 4th Street,"Bowery, New York, NY 10012, United States of America"
N/A,New York,10014,N/A,7th Avenue South,New York,7th Avenue South,"New York, NY 10014, United States of America"
359 Madison Street @ Vladeck Houses,New York,10002,N/A,Madison Street,New York,359 Madison Street @ Vladeck Houses,"Madison Street, New York, NY 10002, United States of America"
East Houston Street & Avenue A,New York,10009,N/A,Avenue A,New York,East Houston Street & Avenue A,"Avenue A, New York, NY 10009, United States of America"
Clark Street,New York,11201,N/A,Clark Street,New York,Clark Street,"New York, NY 11201, United States of America"
1st Avenue & East 3rd Street,New York,10009,N/A,1st Avenue,New York,1st Avenue & East 3rd Street,"1st Avenue, New York, NY 10009, United States of America"
356 Madison Street @ Vladeck Houses,New York,10002,N/A,Madison Street,New York,356 Madison Street @ Vladeck Houses,"Madison Street, New York, NY 10002, United States of America"
6th Avenue & West 3rd Street,New York,10014,N/A,6th Avenue,New York,6th Avenue & West 3rd Street,"6th Avenue, New York, NY 10014, United States of America"
York Street,New York,11201,N/A,Jay Street,New York,York Street,"Jay Street, New York, NY 11201, United States of America"
Grand Street & Abraham Kazan Street,New York,10002,N/A,Grand Street,New York,Grand Street & Abraham Kazan Street,"Grand Street, New York, NY 10002, United States of America"
Avenue A & East 3rd Street,New York,10009,N/A,Avenue A,New York,Avenue A & East 3rd Street,"Avenue A, New York, NY 10009, United States of America"
East Houston Street & Avenue B,New York,10002,N/A,East Houston Street,New York,East Houston Street & Avenue B,"East Houston Street, New York, NY 10002, United States of America"
East Houston Street & Clinton Street,New York,10002,N/A,East Houston Street,New York,East Houston Street & Clinton Street,"East Houston Street, New York, NY 10002, United States of America"
Broadway & Waverly Place,New York,10003,N/A,Broadway,New York,Broadway & Waverly Place,"Broadway, New York, NY 10003, United States of America"
Sands Street & Pearl Street,New York,11201,N/A,Sands Street,New York,Sands Street & Pearl Street,"Sands Street, New York, NY 11201, United States of America"
Jackson Street & Madison Street,New York,10002,N/A,Jackson Street,New York,Jackson Street & Madison Street,"Jackson Street, New York, NY 10002, United States of America"
West 4th Street–Washington Square,New York,10014,N/A,West 4th Street,New York,West 4th Street–Washington Square,"West 4th Street, New York, NY 10014, United States of America"
N/A,New York,10002,N/A,Manhattan Bridge Pedestrian Path,New York,Manhattan Bridge Pedestrian Path,"New York, NY 10002, United States of America"
2nd Avenue & East 6th Street,New York,10035,N/A,2nd Avenue,New York,2nd Avenue & East 6th Street,"2nd Avenue, New York, NY 10035, United States of America"
Avenue A & East 3rd Street,New York,10009,N/A,Avenue A,New York,Avenue A & East 3rd Street,"Avenue A, New York, NY 10009, United States of America"
1st Avenue & East 4th Street,New York,10009,N/A,1st Avenue,New York,1st Avenue & East 4th Street,"1st Avenue, New York, NY 10009, United States of America"
NYU Trolley Stop,New York,10012,N/A,Washington Square East,New York,NYU Trolley Stop,"Washington Square East, New York, NY 10012, United States of America"
Broadway & Waverly Place,New York,10003,N/A,Broadway,New York,Broadway & Waverly Place,"Broadway, New York, NY 10003, United States of America"
Cadman Plaza West & Tillary Street,New York,11201,N/A,Cadman Plaza West,New York,Cadman Plaza West & Tillary Street,"Cadman Plaza West, New York, NY 11201, United States of America"
7th Avenue & Barrow Street,New York,10014,N/A,7th Avenue South,New York,7th Avenue & Barrow Street,"7th Avenue South, New York, NY 10014, United States of America"
Delancey Street & Columbia Street,New York,10009,N/A,Columbia Street,New York,Delancey Street & Columbia Street,"Columbia Street, New York, NY 10009, United States of America"
Paulus Hook Ferry Terminal,Jersey City,07311,N/A,Paulus Hook Pier,New Jersey,Paulus Hook Ferry Terminal,"Paulus Hook Pier, Jersey City, NJ 07311, United States of America"
Avenue A & East 6th Street,New York,10009,N/A,Avenue A,New York,Avenue A & East 6th Street,"Avenue A, New York, NY 10009, United States of America"
Christopher Street & Washington Street,New York,10014,N/A,Christopher Street,New York,Christopher Street & Washington Street,"Christopher Street, New York, NY 10014, United States of America"
East Houston Street & Ridge Street,New York,10002,N/A,East Houston Street,New York,East Houston Street & Ridge Street,"East Houston Street, New York, NY 10002, United States of America"
Bridge Park Drive & Joralemon Street,New York,11201,N/A,Bridge Park Drive,New York,Bridge Park Drive & Joralemon Street,"Bridge Park Drive, New York, NY 11201, United States of America"
Christopher Street & Greenwich Street,New York,10014,N/A,Christopher Street,New York,Christopher Street & Greenwich Street,"Christopher Street, New York, NY 10014, United States of America"
Lafayette Street & Astor Place,New York,10003,N/A,Lafayette Street,New York,Lafayette Street & Astor Place,"Lafayette Street, New York, NY 10003, United States of America"
Christopher Street,New York,10014,N/A,Christopher Street,New York,Christopher Street,"New York, NY 10014, United States of America"
8th Street–New York University,New York,10003,N/A,Broadway,New York,8th Street–New York University,"Broadway, New York, NY 10003, United States of America"
N/A,Jersey City,07311,N/A,Paulus Hook Pier,New Jersey,Paulus Hook Pier,"Jersey City, NJ 07311, United States of America"
Astor Place,New York,10003,N/A,Lafayette Street,New York,Astor Place,"Lafayette Street, New York, NY 10003, United States of America"
N/A,New York,11251,N/A,FDR Drive,New York,FDR Drive,"New York, NY 11251, United States of America"
Cadman Plaza West & Tillary Street,New York,11201,N/A,Cadman Plaza West,New York,Cadman Plaza West & Tillary Street,"Cadman Plaza West, New York, NY 11201, United States of America"
Exchange Place,Jersey City,07311,N/A,Hudson River Waterfront Walkway,New Jersey,Exchange Place,"Hudson River Waterfront Walkway, Jersey City, NJ 07311, United States of America"
East 8th Street & Mercer Street,New York,10003,N/A,East 8th Street,New York,East 8th Street & Mercer Street,"East 8th Street, New York, NY 10003, United States of America"
Corlears Hook,New York,11251,N/A,FDR Drive,New York,Corlears Hook,"FDR Drive, New York, NY 11251, United States of America"
Hudson Street & Christopher Street,New York,10014,N/A,Hudson Street,New York,Hudson Street & Christopher Street,"Hudson Street, New York, NY 10014, United States of America"
East 8th Street & Lafayette Street,New York,10003,N/A,East 8th Street,New York,East 8th Street & Lafayette Street,"East 8th Street, New York, NY 10003, United States of America"
Christopher Street & Bleecker Street,New York,10014,N/A,Christopher Street,New York,Christopher Street & Bleecker Street,"Christopher Street, New York, NY 10014, United States of America"
Brooklyn Bridge Park Pier 6/Atlantic Avenue,New York,11201,N/A,Brooklyn Bridge Park Greenway,New York,Brooklyn Bridge Park Pier 6/Atlantic Avenue,"Brooklyn Bridge Park Greenway, New York, NY 11201, United States of America"
Avenue A & East 5th Street,New York,10009,N/A,Avenue A,New York,Avenue A & East 5th Street,"Avenue A, New York, NY 10009, United States of America"
West 10th Street & Washington Street,New York,10014,N/A,West 10th Street,New York,West 10th Street & Washington Street,"West 10th Street, New York, NY 10014, United States of America"
East 8th Street & 5th Avenue,New York,10003,N/A,East 8th Street,New York,East 8th Street & 5th Avenue,"East 8th Street, New York, NY 10003, United States of America"
West 10th Street & Greenwich Street,New York,10014,N/A,West 10th Street,New York,West 10th Street & Greenwich Street,"West 10th Street, New York, NY 10014, United States of America"
Ilha dos governadores,New York,10004,N/A,Carder Road,New York,Ilha dos governadores,"Carder Road, New York, NY 10004, United States of America"
East 8th Street & 5th Avenue,New York,10011,N/A,West 8th Street,New York,East 8th Street & 5th Avenue,"West 8th Street, New York, NY 10011, United States of America"
Ilha dos governadores,New York,10004,N/A,Carder Road,New York,Ilha dos governadores,"Carder Road, New York, NY 10004, United States of America"
Harborside,Jersey City,07311,N/A,Hoboken Newport Walkway,New Jersey,Harborside,"Hoboken Newport Walkway, Jersey City, NJ 07311, United States of America"
6th Avenue & Waverly Place,New York,10019,N/A,6th Avenue,New York,6th Avenue & Waverly Place,"6th Avenue, New York, NY 10019, United States of America"
Christopher Street & 7th Avenue South,New York,10014,N/A,Christopher Street,New York,Christopher Street & 7th Avenue South,"Christopher Street, New York, NY 10014, United States of America"
Saint Marks Place & 2nd Avenue,New York,10003,N/A,Saint Mark's Place,New York,Saint Marks Place & 2nd Avenue,"Saint Mark's Place, New York, NY 10003, United States of America"
Christopher Street–Sheridan Square,New York,10014,N/A,Christopher Street,New York,Christopher Street–Sheridan Square,"Christopher Street, New York, NY 10014, United States of America"
Jay Street & Concord Street,New York,11201,N/A,Jay Street,New York,Jay Street & Concord Street,"Jay Street, New York, NY 11201, United States of America"
Jay Street & Concord Street,New York,11201,N/A,Concord Street,New York,Jay Street & Concord Street,"Concord Street, New York, NY 11201, United States of America"
N/A,New York,11201,N/A,Gold Street,New York,Gold Street,"New York, NY 11201, United States of America"
Soissons Landing,New York,10004,N/A,Carder Road,New York,Soissons Landing,"Carder Road, New York, NY 10004, United States of America"
Avenue C & East 3rd Street,New York,10009,N/A,Avenue C,New York,Avenue C & East 3rd Street,"Avenue C, New York, NY 10009, United States of America"
4th Avenue & East 9th Street,New York,10003,N/A,4th Avenue,New York,4th Avenue & East 9th Street,"4th Avenue, New York, NY 10003, United States of America"
N/A,New York,11251,N/A,York Street,New York,York Street,"New York, NY 11251, United States of America"
West 8th Street & 6th Avenue,New York,10011,N/A,West 8th Street,New York,West 8th Street & 6th Avenue,"West 8th Street, New York, NY 10011, United States of America"
East 9th Street & Broadway,New York,10003,N/A,East 9th Street,New York,East 9th Street & Broadway,"East 9th Street, New York, NY 10003, United States of America"
2nd Avenue & Saint Marks Place,New York,10035,N/A,2nd Avenue,New York,2nd Avenue & Saint Marks Place,"2nd Avenue, New York, NY 10035, United States of America"
Christopher Street & Waverly Place,New York,10014,N/A,Christopher Street,New York,Christopher Street & Waverly Place,"Christopher Street, New York, NY 10014, United States of America"
7th Avenue South and West 10th Street,New York,10014,N/A,7th Avenue South,New York,7th Avenue South and West 10th Street,"7th Avenue South, New York, NY 10014, United States of America"
East 9th Street & Cooper Square,New York,10003,N/A,East 9th Street,New York,East 9th Street & Cooper Square,"East 9th Street, New York, NY 10003, United States of America"
Grand Street & FDR Drive,New York,11251,N/A,Grand Street,New York,Grand Street & FDR Drive,"Grand Street, New York, NY 11251, United States of America"
East 9th Street & 3rd Avenue,New York,10003,N/A,East 9th Street,New York,East 9th Street & 3rd Avenue,"East 9th Street, New York, NY 10003, United States of America"
Avenue C & East 3rd Street,New York,10009,N/A,Avenue C,New York,Avenue C & East 3rd Street,"Avenue C, New York, NY 10009, United States of America"
Sands Street & Gold Street,New York,11251,N/A,Sands Street,New York,Sands Street & Gold Street,"Sands Street, New York, NY 11251, United States of America"
Tillary Street & Adams Street,New York,11201,N/A,Tillary Street,New York,Tillary Street & Adams Street,"Tillary Street, New York, NY 11201, United States of America"
West 10th Street & 7 Avenue South,New York,10014,N/A,West 10th Street,New York,West 10th Street & 7 Avenue South,"West 10th Street, New York, NY 10014, United States of America"
West 9th Street & 5th Avenue,New York,10011,N/A,West 9th Street,New York,West 9th Street & 5th Avenue,"West 9th Street, New York, NY 10011, United States of America"
Court Street,New York,11201,N/A,Montague Street,New York,Court Street,"Montague Street, New York, NY 11201, United States of America"
Exchange Place,Jersey City,07311,N/A,Hudson Street,New Jersey,Exchange Place,"Hudson Street, Jersey City, NJ 07311, United States of America"
Saint Marks Place & 1st Avenue,New York,10003,N/A,Saint Mark's Place,New York,Saint Marks Place & 1st Avenue,"Saint Mark's Place, New York, NY 10003, United States of America"
Avenue D & East Houston Street,New York,10002,N/A,Columbia Street,New York,Avenue D & East Houston Street,"Columbia Street, New York, NY 10002, United States of America"
East 9th Street & 2nd Avenue,New York,10003,N/A,East 9th Street,New York,East 9th Street & 2nd Avenue,"East 9th Street, New York, NY 10003, United States of America"
Sands Street & Gold Street,New York,11251,N/A,Sands Street,New York,Sands Street & Gold Street,"Sands Street, New York, NY 11251, United States of America"
Gold Street & Sands Street,New York,11251,N/A,Gold Street,New York,Gold Street & Sands Street,"Gold Street, New York, NY 11251, United States of America"
9th Street,New York,10011,N/A,Christopher Street,New York,9th Street,"Christopher Street, New York, NY 10011, United States of America"
Christopher Columbus Drive at Hudson Street,Jersey City,07311,N/A,Christopher Columbus Drive,New Jersey,Christopher Columbus Drive at Hudson Street,"Christopher Columbus Drive, Jersey City, NJ 07311, United States of America"
5th Avenue & West 10th street,New York,10035,N/A,5th Avenue,New York,5th Avenue & West 10th street,"5th Avenue, New York, NY 10035, United States of America"
Greenwich Avenue & Christopher Street,New York,10014,N/A,Christopher Street,New York,Greenwich Avenue & Christopher Street,"Christopher Street, New York, NY 10014, United States of America"
3rd Avenue & East 10th Street,New York,10035,N/A,3rd Avenue,New York,3rd Avenue & East 10th Street,"3rd Avenue, New York, NY 10035, United States of America"
Gold Street & Sands Street,New York,11201,N/A,Gold Street,New York,Gold Street & Sands Street,"Gold Street, New York, NY 11201, United States of America"
East Houston Street & Avenue D,New York,10002,N/A,East Houston Street,New York,East Houston Street & Avenue D,"East Houston Street, New York, NY 10002, United States of America"
West 9th Street & 6th Avenue,New York,10011,N/A,West 9th Street,New York,West 9th Street & 6th Avenue,"West 9th Street, New York, NY 10011, United States of America"
1st Avenue & East 9th Street,New York,10009,N/A,1st Avenue,New York,1st Avenue & East 9th Street,"1st Avenue, New York, NY 10009, United States of America"
Saint Marks Place & Avenue A,New York,10009,N/A,Saint Mark's Place,New York,Saint Marks Place & Avenue A,"Saint Mark's Place, New York, NY 10009, United States of America"
Avenue D & East Houston Street,New York,10009,N/A,Avenue D,New York,Avenue D & East Houston Street,"Avenue D, New York, NY 10009, United States of America"
Liberty State Park,Jersey City,07311,N/A,Hudson River Waterfront Walkway,New Jersey,Liberty State Park,"Hudson River Waterfront Walkway, Jersey City, NJ 07311, United States of America"
Adams Street & Johnson Street,New York,11201,N/A,Adams Street,New York,Adams Street & Johnson Street,"Adams Street, New York, NY 11201, United States of America"
Harborside Financial Center,Jersey City,07311,N/A,Hudson Street,New Jersey,Harborside Financial Center,"Hudson Street, Jersey City, NJ 07311, United States of America"
3rd Avenue & East 10th Street,New York,10035,N/A,3rd Avenue,New York,3rd Avenue & East 10th Street,"3rd Avenue, New York, NY 10035, United States of America"
Hudson Street & Perry Street,New York,10014,N/A,Hudson Street,New York,Hudson Street & Perry Street,"Hudson Street, New York, NY 10014, United States of America"
Avenue A & Saint Marks Place,New York,10009,N/A,Avenue A,New York,Avenue A & Saint Marks Place,"Avenue A, New York, NY 10009, United States of America"
Avenue A & East 9th Street,New York,10009,N/A,Avenue A,New York,Avenue A & East 9th Street,"Avenue A, New York, NY 10009, United States of America"
Montgomery Street at Greene Street,Jersey City,07311,N/A,Montgomery Street,New Jersey,Montgomery Street at Greene Street,"Montgomery Street, Jersey City, NJ 07311, United States of America"
Avenue C & East 5th Street,New York,10009,N/A,Avenue C,New York,Avenue C & East 5th Street,"Avenue C, New York, NY 10009, United States of America"
Cadman Plaza West & Montague Street,New York,11231,N/A,Court Street,New York,Cadman Plaza West & Montague Street,"Court Street, New York, NY 11231, United States of America"
Avenue C & East 6th Street,New York,10009,N/A,Avenue C,New York,Avenue C & East 6th Street,"Avenue C, New York, NY 10009, United States of America"
Avenue D & East 4th Street,New York,10009,N/A,Avenue D,New York,Avenue D & East 4th Street,"Avenue D, New York, NY 10009, United States of America"
Cadman Plaza West & Remsen Street,New York,11231,N/A,Court Street,New York,Cadman Plaza West & Remsen Street,"Court Street, New York, NY 11231, United States of America"
7th Avenue South and Waverly Place,New York,10014,N/A,7th Avenue South,New York,7th Avenue South and Waverly Place,"7th Avenue South, New York, NY 10014, United States of America"
Essex Street,Jersey City,07302,N/A,Essex Street,New Jersey,Essex Street,"Jersey City, NJ 07302, United States of America"
East 9th Street & Avenue A,New York,10003,N/A,East 9th Street,New York,East 9th Street & Avenue A,"East 9th Street, New York, NY 10003, United States of America"
6th Avenue & W 10th Street,New York,10019,N/A,6th Avenue,New York,6th Avenue & W 10th Street,"6th Avenue, New York, NY 10019, United States of America"
3rd Avenue & East 12th Street,New York,10035,N/A,3rd Avenue,New York,3rd Avenue & East 12th Street,"3rd Avenue, New York, NY 10035, United States of America"
Atlantic Avenue & Henry Street,New York,11208,N/A,Atlantic Avenue,New York,Atlantic Avenue & Henry Street,"Atlantic Avenue, New York, NY 11208, United States of America"
5th Avenue & West 12th Street,New York,10035,N/A,5th Avenue,New York,5th Avenue & West 12th Street,"5th Avenue, New York, NY 10035, United States of America"
Borough Hall,New York,11201,N/A,Joralemon Street,New York,Borough Hall,"Joralemon Street, New York, NY 11201, United States of America"
East 10th Street & Avenue A,New York,10009,N/A,East 10th Street,New York,East 10th Street & Avenue A,"East 10th Street, New York, NY 10009, United States of America"
Navy Street & Sands Street,New York,11251,N/A,Navy Street,New York,Navy Street & Sands Street,"Navy Street, New York, NY 11251, United States of America"
East 10th Street & Avenue A,New York,10009,N/A,Avenue A,New York,East 10th Street & Avenue A,"Avenue A, New York, NY 10009, United States of America"
Adams Street & Brooklyn Supreme Court,New York,11201,N/A,Adams Street,New York,Adams Street & Brooklyn Supreme Court,"Adams Street, New York, NY 11201, United States of America"
Columbia Street & Congress Street,New York,11231,N/A,Columbia Street Greenway,New York,Columbia Street & Congress Street,"Columbia Street Greenway, New York, NY 11231, United States of America"
Borough Hall,New York,11201,N/A,Joralemon Street,New York,Borough Hall,"Joralemon Street, New York, NY 11201, United States of America"
Avenue C & East 7th Street,New York,10009,N/A,Avenue C,New York,Avenue C & East 7th Street,"Avenue C, New York, NY 10009, United States of America"
Avenue D & East 5th Street,New York,10009,N/A,Avenue D,New York,Avenue D & East 5th Street,"Avenue D, New York, NY 10009, United States of America"
Gold Street & Tillary Street,New York,11251,N/A,Gold Street,New York,Gold Street & Tillary Street,"Gold Street, New York, NY 11251, United States of America"
Avenue C & East 8th Street,New York,10009,N/A,Avenue C,New York,Avenue C & East 8th Street,"Avenue C, New York, NY 10009, United States of America"
Adams Street & Brooklyn Supreme Court,New York,11201,N/A,Adams Street,New York,Adams Street & Brooklyn Supreme Court,"Adams Street, New York, NY 11201, United States of America"
Gold Street & Tillary Street,New York,11251,N/A,Gold Street,New York,Gold Street & Tillary Street,"Gold Street, New York, NY 11251, United States of America"
Avenue A & East 11th Street,New York,10009,N/A,Avenue A,New York,Avenue A & East 11th Street,"Avenue A, New York, NY 10009, United States of America"
1st Avenue & East 11th Street,New York,10009,N/A,1st Avenue,New York,1st Avenue & East 11th Street,"1st Avenue, New York, NY 10009, United States of America"
Atlantic Avenue & Clinton Street,New York,11208,N/A,Atlantic Avenue,New York,Atlantic Avenue & Clinton Street,"Atlantic Avenue, New York, NY 11208, United States of America"
Grand Street at Washington Street,Jersey City,07304,N/A,Grand Street,New Jersey,Grand Street at Washington Street,"Grand Street, Jersey City, NJ 07304, United States of America"
Livingston Street & Court Street,New York,11217,N/A,Livingston Street,New York,Livingston Street & Court Street,"Livingston Street, New York, NY 11217, United States of America"
Bethune Street & Greenwich Street,New York,10014,N/A,Bethune Street,New York,Bethune Street & Greenwich Street,"Bethune Street, New York, NY 10014, United States of America"
Columbia Street & Warren Street,New York,11231,N/A,Columbia Street,New York,Columbia Street & Warren Street,"Columbia Street, New York, NY 11231, United States of America"
Court Street & Schermerhorn Street,New York,11231,N/A,Court Street,New York,Court Street & Schermerhorn Street,"Court Street, New York, NY 11231, United States of America"
East 10th Street & Avenue B,New York,10009,N/A,East 10th Street,New York,East 10th Street & Avenue B,"East 10th Street, New York, NY 10009, United States of America"
8th Avenue & Bleecker Street,New York,10014,N/A,8th Avenue,New York,8th Avenue & Bleecker Street,"8th Avenue, New York, NY 10014, United States of America"
6th Avenue & West 12th Street,New York,10019,N/A,6th Avenue,New York,6th Avenue & West 12th Street,"6th Avenue, New York, NY 10019, United States of America"
Washington Street at Christopher Columbus Drive,Jersey City,07311,N/A,Washington Street,New Jersey,Washington Street at Christopher Columbus Drive,"Washington Street, Jersey City, NJ 07311, United States of America"
Montgomery Street at Washington Street,Jersey City,07306,N/A,Montgomery Street,New Jersey,Montgomery Street at Washington Street,"Montgomery Street, Jersey City, NJ 07306, United States of America"
7th Avenue & West 12th Street,New York,10001,N/A,7th Avenue,New York,7th Avenue & West 12th Street,"7th Avenue, New York, NY 10001, United States of America"
N/A,New York,10003,N/A,4th Avenue,New York,4th Avenue,"New York, NY 10003, United States of America"
East 10th Street & Avenue B,New York,10009,N/A,East 10th Street,New York,East 10th Street & Avenue B,"East 10th Street, New York, NY 10009, United States of America"
Montomery Street at Washington Street,Jersey City,07311,N/A,Montgomery Street,New Jersey,Montomery Street at Washington Street,"Montgomery Street, Jersey City, NJ 07311, United States of America"
Avenue A & East 11th Street,New York,10009,N/A,Avenue A,New York,Avenue A & East 11th Street,"Avenue A, New York, NY 10009, United States of America"
Broadway/East 13th Street,New York,10003,N/A,Broadway,New York,Broadway/East 13th Street,"Broadway, New York, NY 10003, United States of America"
Flushing Avenue & Navy Street,New York,11237,N/A,Flushing Avenue,New York,Flushing Avenue & Navy Street,"Flushing Avenue, New York, NY 11237, United States of America"
4th Avenue & East 14th Street,New York,10003,N/A,4th Avenue,New York,4th Avenue & East 14th Street,"4th Avenue, New York, NY 10003, United States of America"
Boerum Place & Joralemon Street,New York,11201,N/A,Boerum Place,New York,Boerum Place & Joralemon Street,"Boerum Place, New York, NY 11201, United States of America"
3rd Avenue & East 14th Street,New York,10035,N/A,3rd Avenue,New York,3rd Avenue & East 14th Street,"3rd Avenue, New York, NY 10035, United States of America"
2nd Avenue & East 13th Street,New York,10035,N/A,2nd Avenue,New York,2nd Avenue & East 13th Street,"2nd Avenue, New York, NY 10035, United States of America"
Broadway/East 14th Street,New York,10003,N/A,Broadway,New York,Broadway/East 14th Street,"Broadway, New York, NY 10003, United States of America"
East 14th Street & Irving Place,New York,10003,N/A,East 14th Street,New York,East 14th Street & Irving Place,"East 14th Street, New York, NY 10003, United States of America"
Union Square,New York,10003,N/A,East 14th Street,New York,Union Square,"East 14th Street, New York, NY 10003, United States of America"
Jay Street & Willoughby Street,New York,11201,N/A,Jay Street,New York,Jay Street & Willoughby Street,"Jay Street, New York, NY 11201, United States of America"
East 14th Street & 5th Avenue,New York,10003,N/A,East 14th Street,New York,East 14th Street & 5th Avenue,"East 14th Street, New York, NY 10003, United States of America"
Jay Street–MetroTech,New York,11201,N/A,Jay Street,New York,Jay Street–MetroTech,"Jay Street, New York, NY 11201, United States of America"
East 14th Street & 3rd Avenue,New York,10003,N/A,East 14th Street,New York,East 14th Street & 3rd Avenue,"East 14th Street, New York, NY 10003, United States of America"
2nd Avenue & East 14th Street,New York,10035,N/A,2nd Avenue,New York,2nd Avenue & East 14th Street,"2nd Avenue, New York, NY 10035, United States of America"
8th Avenue & West 12th Street,New York,10014,N/A,8th Avenue,New York,8th Avenue & West 12th Street,"8th Avenue, New York, NY 10014, United States of America"
East 14th Street & Union Square West,New York,10003,N/A,East 14th Street,New York,East 14th Street & Union Square West,"East 14th Street, New York, NY 10003, United States of America"
Avenue C & East 10th Street,New York,10009,N/A,Avenue C,New York,Avenue C & East 10th Street,"Avenue C, New York, NY 10009, United States of America"
3rd Avenue,New York,10003,N/A,East 14th Street,New York,3rd Avenue,"East 14th Street, New York, NY 10003, United States of America"
East 14th Street & 3rd Avenue,New York,10003,N/A,East 14th Street,New York,East 14th Street & 3rd Avenue,"East 14th Street, New York, NY 10003, United States of America"
Atlantic Avenue & Court Street,New York,11208,N/A,Atlantic Avenue,New York,Atlantic Avenue & Court Street,"Atlantic Avenue, New York, NY 11208, United States of America"
14th Street–Union Square,New York,10003,N/A,Union Square East,New York,14th Street–Union Square,"Union Square East, New York, NY 10003, United States of America"
East 10th Street & Avenue C,New York,10009,N/A,East 10th Street,New York,East 10th Street & Avenue C,"East 10th Street, New York, NY 10009, United States of America"
Court Street & Atlantic Avenue,New York,11231,N/A,Court Street,New York,Court Street & Atlantic Avenue,"Court Street, New York, NY 11231, United States of America"
Washington Boulevard at 4th Street,Jersey City,07311,N/A,Washington Boulevard,New Jersey,Washington Boulevard at 4th Street,"Washington Boulevard, Jersey City, NJ 07311, United States of America"
14th Street,New York,10019,N/A,6th Avenue,New York,14th Street,"6th Avenue, New York, NY 10019, United States of America"
Jay Street & Willoughby Street,New York,11201,N/A,Jay Street,New York,Jay Street & Willoughby Street,"Jay Street, New York, NY 11201, United States of America"
East 14th Street & 2nd Avenue,New York,10003,N/A,East 14th Street,New York,East 14th Street & 2nd Avenue,"East 14th Street, New York, NY 10003, United States of America"
East 14th Street & 2nd Avenue,New York,10003,N/A,East 14th Street,New York,East 14th Street & 2nd Avenue,"East 14th Street, New York, NY 10003, United States of America"
3rd Avenue & East 14th Street,New York,10035,N/A,3rd Avenue,New York,3rd Avenue & East 14th Street,"3rd Avenue, New York, NY 10035, United States of America"
West 14th Street & 6th Avenue,New York,10011,N/A,West 14th Street,New York,West 14th Street & 6th Avenue,"West 14th Street, New York, NY 10011, United States of America"
Newport,Jersey City,07311,N/A,Hoboken Newport Walkway- Hudson River Waterfront Walkway,New Jersey,Hoboken Newport Walkway- Hudson River Waterfront Walkway,"Jersey City, NJ 07311, United States of America"
East 10th Street & Avenue C,New York,10009,402,East 10th Street,New York,East 10th Street & Avenue C,"402 East 10th Street, New York, NY 10009, United States of America"
Grand Street at Warren Street,Jersey City,07304,N/A,Grand Street,New Jersey,Grand Street at Warren Street,"Grand Street, Jersey City, NJ 07304, United States of America"
Boerum Place & Livingston Street,New York,11201,N/A,Boerum Place,New York,Boerum Place & Livingston Street,"Boerum Place, New York, NY 11201, United States of America"
Jay Street & Fulton Mall,New York,11201,N/A,Jay Street,New York,Jay Street & Fulton Mall,"Jay Street, New York, NY 11201, United States of America"
Fulton Mall & Smith Street,New York,11201,N/A,Fulton Mall,New York,Fulton Mall & Smith Street,"Fulton Mall, New York, NY 11201, United States of America"
14th Street,New York,10001,N/A,7th Avenue,New York,14th Street,"7th Avenue, New York, NY 10001, United States of America"
6th Avenue,New York,10011,N/A,West 14th Street,New York,6th Avenue,"West 14th Street, New York, NY 10011, United States of America"
Hudson Street & Jane Street,New York,10014,N/A,Hudson Street,New York,Hudson Street & Jane Street,"Hudson Street, New York, NY 10014, United States of America"
Atlantic Avenue & Court Street,New York,11208,N/A,Atlantic Avenue,New York,Atlantic Avenue & Court Street,"Atlantic Avenue, New York, NY 11208, United States of America"
8th Avenue & West 4th Street,New York,10014,N/A,8th Avenue,New York,8th Avenue & West 4th Street,"8th Avenue, New York, NY 10014, United States of America"
Montromery Street at Warren Street,Jersey City,07306,N/A,Montgomery Street,New Jersey,Montromery Street at Warren Street,"Montgomery Street, Jersey City, NJ 07306, United States of America"
Grand Street at Warren Street,Jersey City,07304,N/A,Grand Street,New Jersey,Grand Street at Warren Street,"Grand Street, Jersey City, NJ 07304, United States of America"
Harsimus Cove,Jersey City,07311,N/A,Metro Plaza Drive,New Jersey,Harsimus Cove,"Metro Plaza Drive, Jersey City, NJ 07311, United States of America"
Jay Street–MetroTech,New York,11201,N/A,Willoughby Street,New York,Jay Street–MetroTech,"Willoughby Street, New York, NY 11201, United States of America"
East 14th Street & 1st Avenue,New York,10009,N/A,East 14th Street,New York,East 14th Street & 1st Avenue,"East 14th Street, New York, NY 10009, United States of America"
West 14th Street & 6th Avenue,New York,10011,N/A,West 14th Street,New York,West 14th Street & 6th Avenue,"West 14th Street, New York, NY 10011, United States of America"
Fulton Mall & Smith Street,New York,11201,N/A,Fulton Mall,New York,Fulton Mall & Smith Street,"Fulton Mall, New York, NY 11201, United States of America"
14th Street–Union Square,New York,10003,N/A,East 15th Street,New York,14th Street–Union Square,"East 15th Street, New York, NY 10003, United States of America"
Avenue A & East 13th Street,New York,10009,N/A,Avenue A,New York,Avenue A & East 13th Street,"Avenue A, New York, NY 10009, United States of America"
Avenue C & East 11th Street,New York,10009,N/A,Avenue C,New York,Avenue C & East 11th Street,"Avenue C, New York, NY 10009, United States of America"
Washington Boulevard at PATH Station,Jersey City,07310,N/A,Washington Boulevard,New Jersey,Washington Boulevard at PATH Station,"Washington Boulevard, Jersey City, NJ 07310, United States of America"
8th Avenue & Horatio Street,New York,10011,N/A,8th Avenue,New York,8th Avenue & Horatio Street,"8th Avenue, New York, NY 10011, United States of America"
7th Avenue & West 14th Street,New York,10001,N/A,7th Avenue,New York,7th Avenue & West 14th Street,"7th Avenue, New York, NY 10001, United States of America"
Newport,Jersey City,07310,N/A,Washington Boulevard,New Jersey,Newport,"Washington Boulevard, Jersey City, NJ 07310, United States of America"
West 14th Street & 7th Avenue,New York,10011,N/A,14th Street/6th Avenue-7th Subway transfer,New York,West 14th Street & 7th Avenue,"14th Street/6th Avenue-7th Subway transfer, New York, NY 10011, United States of America"
Smith Street & Livingston Street,New York,11231,N/A,Smith Street,New York,Smith Street & Livingston Street,"Smith Street, New York, NY 11231, United States of America"
1st Avenue,New York,10009,N/A,East 14th Street,New York,1st Avenue,"East 14th Street, New York, NY 10009, United States of America"
Liberty Harbor,Jersey City,07302,N/A,Hudson River Waterfront Walkway,New Jersey,Liberty Harbor,"Hudson River Waterfront Walkway, Jersey City, NJ 07302, United States of America"
Greenwich St/ Horatio St,New York,10014,N/A,Greenwich Street,New York,Greenwich St/ Horatio St,"Greenwich Street, New York, NY 10014, United States of America"
Warren Street,Jersey City,07302,N/A,Hudson River Waterfront Walkway,New Jersey,Warren Street,"Hudson River Waterfront Walkway, Jersey City, NJ 07302, United States of America"
Smith Street & Livingston Street,New York,11231,N/A,Smith Street,New York,Smith Street & Livingston Street,"Smith Street, New York, NY 11231, United States of America"
Washington Boulevard at Path Station,Jersey City,07310,N/A,Washington Boulevard,New Jersey,Washington Boulevard at Path Station,"Washington Boulevard, Jersey City, NJ 07310, United States of America"
Union Square East & East 15th Street,New York,10003,N/A,Union Square East,New York,Union Square East & East 15th Street,"Union Square East, New York, NY 10003, United States of America"
6th Avenue & West 15th Street,New York,10019,N/A,6th Avenue,New York,6th Avenue & West 15th Street,"6th Avenue, New York, NY 10019, United States of America"
Avenue C & East 12th Street,New York,10009,N/A,Avenue C,New York,Avenue C & East 12th Street,"Avenue C, New York, NY 10009, United States of America"
East 10th Street & Avenue D,New York,10009,N/A,East 10th Street,New York,East 10th Street & Avenue D,"East 10th Street, New York, NY 10009, United States of America"
Union Square East & East 15th Street,New York,10003,N/A,Union Square East,New York,Union Square East & East 15th Street,"Union Square East, New York, NY 10003, United States of America"
East 10th Street & Avenue D,New York,10009,N/A,East 10th Street,New York,East 10th Street & Avenue D,"East 10th Street, New York, NY 10009, United States of America"
14th Street,New York,10011,N/A,West 15th Street,New York,14th Street,"West 15th Street, New York, NY 10011, United States of America"
1 Av & E 14 St,New York,10009,N/A,1st Avenue service road,New York,1 Av & E 14 St,"1st Avenue service road, New York, NY 10009, United States of America"
Livingston Street & Smith Street,New York,11217,N/A,Livingston Street,New York,Livingston Street & Smith Street,"Livingston Street, New York, NY 11217, United States of America"
West 14th Street & 7th Avenue,New York,10011,N/A,West 14th Street,New York,West 14th Street & 7th Avenue,"West 14th Street, New York, NY 10011, United States of America"
East 14th Street & Avenue A,New York,10009,N/A,East 14th Street,New York,East 14th Street & Avenue A,"East 14th Street, New York, NY 10009, United States of America"
Flushing Avenue & North Portland Avenue,New York,11251,N/A,Flushing Avenue,New York,Flushing Avenue & North Portland Avenue,"Flushing Avenue, New York, NY 11251, United States of America"
East 10th Street & Avenue D,New York,10009,N/A,East 10th Street,New York,East 10th Street & Avenue D,"East 10th Street, New York, NY 10009, United States of America"
Court Street & Amity Street,New York,11231,N/A,Court Street,New York,Court Street & Amity Street,"Court Street, New York, NY 11231, United States of America"
Livingston Street & Smith Street,New York,11217,N/A,Livingston Street,New York,Livingston Street & Smith Street,"Livingston Street, New York, NY 11217, United States of America"
Grand Street at Van Vorst Street,Jersey City,07304,N/A,Grand Street,New Jersey,Grand Street at Van Vorst Street,"Grand Street, Jersey City, NJ 07304, United States of America"
Avenue C & East 12th Street,New York,10009,N/A,Avenue C,New York,Avenue C & East 12th Street,"Avenue C, New York, NY 10009, United States of America"
2nd Avenue & East 17th Street,New York,10035,N/A,2nd Avenue,New York,2nd Avenue & East 17th Street,"2nd Avenue, New York, NY 10035, United States of America"
West 14th Street & 8th Avenue,New York,10011,N/A,West 14th Street,New York,West 14th Street & 8th Avenue,"West 14th Street, New York, NY 10011, United States of America"
Flushing Avenue & North Portland Avenue,New York,11237,N/A,Flushing Avenue,New York,Flushing Avenue & North Portland Avenue,"Flushing Avenue, New York, NY 11237, United States of America"
5th Avenue & West 17th Street,New York,10035,N/A,5th Avenue,New York,5th Avenue & West 17th Street,"5th Avenue, New York, NY 10035, United States of America"
Newport,Jersey City,07310,N/A,Mall Drive East,New Jersey,Newport,"Mall Drive East, Jersey City, NJ 07310, United States of America"
Brooklyn Navy Yard Ferry Station,New York,11251,N/A,5th Street,New York,Brooklyn Navy Yard Ferry Station,"5th Street, New York, NY 11251, United States of America"
Atlantic Avenue & Smith Street,New York,11208,N/A,Atlantic Avenue,New York,Atlantic Avenue & Smith Street,"Atlantic Avenue, New York, NY 11208, United States of America"
East 14th Street & Avenue B,New York,10009,N/A,Avenue B,New York,East 14th Street & Avenue B,"Avenue B, New York, NY 10009, United States of America"
Hoboken NJ Transit Terminal,Hoboken,07030,N/A,N/A,New Jersey,Hoboken NJ Transit Terminal,"Hoboken, NJ 07030, United States of America"
8th Avenue,New York,10011,N/A,West 14th Street,New York,8th Avenue,"West 14th Street, New York, NY 10011, United States of America"
8th Avenue & West 14th Street,New York,10011,N/A,8th Avenue,New York,8th Avenue & West 14th Street,"8th Avenue, New York, NY 10011, United States of America"
Yankee Pier,New York,10004,N/A,Craig Road South,New York,Yankee Pier,"Craig Road South, New York, NY 10004, United States of America"
Smith Street & Atlantic Avenue,New York,11231,N/A,Smith Street,New York,Smith Street & Atlantic Avenue,"Smith Street, New York, NY 11231, United States of America"
Washington Boulevard at Newport Parkway,Jersey City,07310,N/A,Washington Boulevard,New Jersey,Washington Boulevard at Newport Parkway,"Washington Boulevard, Jersey City, NJ 07310, United States of America"
West 14th Street & 8th Avenue,New York,10011,N/A,West 14th Street,New York,West 14th Street & 8th Avenue,"West 14th Street, New York, NY 10011, United States of America"
Washington Boulevard at Newport Parkway,Jersey City,07310,N/A,Washington Boulevard,New Jersey,Washington Boulevard at Newport Parkway,"Washington Boulevard, Jersey City, NJ 07310, United States of America"
Hoyt Street,New York,11201,N/A,Fulton Mall,New York,Hoyt Street,"Fulton Mall, New York, NY 11201, United States of America"
Livingston Street & Hoyt Street,New York,11217,N/A,Livingston Street,New York,Livingston Street & Hoyt Street,"Livingston Street, New York, NY 11217, United States of America"
Hoboken Terminal,Hoboken,07030,N/A,Warrington Plaza,New Jersey,Hoboken Terminal,"Warrington Plaza, Hoboken, NJ 07030, United States of America"
Hoboken Terminal,Hoboken,07030,N/A,Hoboken Newport Walkway- Hudson River Waterfront Walkway,New Jersey,Hoboken Terminal,"Hoboken Newport Walkway- Hudson River Waterfront Walkway, Hoboken, NJ 07030, United States of America"
Fulton Street & Duffield Street,New York,11201,N/A,Fulton Mall,New York,Fulton Street & Duffield Street,"Fulton Mall, New York, NY 11201, United States of America"
N/A,New York,11211,440,Kent Avenue,New York,440 Kent Avenue,"New York, NY 11211, United States of America"
Park Avenue & East 18th Street,New York,10016,N/A,Park Avenue South,New York,Park Avenue & East 18th Street,"Park Avenue South, New York, NY 10016, United States of America"
East 14th Street & Avenue C,New York,10009,N/A,East 14th Street,New York,East 14th Street & Avenue C,"East 14th Street, New York, NY 10009, United States of America"
Atlantic Avenue & Smith Street,New York,11208,N/A,Atlantic Avenue,New York,Atlantic Avenue & Smith Street,"Atlantic Avenue, New York, NY 11208, United States of America"
East 14th Street & Avenue C,New York,10009,N/A,East 14th Street Service Road,New York,East 14th Street & Avenue C,"East 14th Street Service Road, New York, NY 10009, United States of America"
Court Street & Warren Street,New York,11231,N/A,Court Street,New York,Court Street & Warren Street,"Court Street, New York, NY 11231, United States of America"
14th Street,New York,10011,N/A,West 15th Street,New York,14th Street,"West 15th Street, New York, NY 10011, United States of America"
Grand Street at Luis Munoz Marin Boulevard,Jersey City,07304,N/A,Grand Street,New Jersey,Grand Street at Luis Munoz Marin Boulevard,"Grand Street, Jersey City, NJ 07304, United States of America"
Christopher Columbus Drive at Groove Street,Jersey City,07302,N/A,Christopher Columbus Drive,New Jersey,Christopher Columbus Drive at Groove Street,"Christopher Columbus Drive, Jersey City, NJ 07302, United States of America"
Avenue C & East 14th Street,New York,10009,N/A,Avenue C,New York,Avenue C & East 14th Street,"Avenue C, New York, NY 10009, United States of America"
Flushing Avenue & Cumberland Street,New York,11251,N/A,Flushing Avenue,New York,Flushing Avenue & Cumberland Street,"Flushing Avenue, New York, NY 11251, United States of America"
6th Avenue & West 18th Street,New York,10011,N/A,West 18th Street,New York,6th Avenue & West 18th Street,"West 18th Street, New York, NY 10011, United States of America"
Grand Street at Luis Munoz Marin Boulevard,Jersey City,07304,N/A,Grand Street,New Jersey,Grand Street at Luis Munoz Marin Boulevard,"Grand Street, Jersey City, NJ 07304, United States of America"
Grove Street,Jersey City,07302,N/A,Christopher Columbus Drive,New Jersey,Grove Street,"Christopher Columbus Drive, Jersey City, NJ 07302, United States of America"
Flushing Avenue & Cumberland Street,New York,11237,N/A,Flushing Avenue,New York,Flushing Avenue & Cumberland Street,"Flushing Avenue, New York, NY 11237, United States of America"
Newport Centre Mall,Jersey City,07310,N/A,Mall Drive West,New Jersey,Newport Centre Mall,"Mall Drive West, Jersey City, NJ 07310, United States of America"
